lat,lng,name,id,url,branch
-36.8517649,174.74522869999998,All Care Family Medical Centre - Ponsonby,92999,https://www.healthpoint.co.nz/gps-accident-urgent-medical-care/gp/all-care-family-medical-centre-ponsonby/,primary
-36.8729204,174.78151739999998,Auckland Family Medical Centre,93012,https://www.healthpoint.co.nz/gps-accident-urgent-medical-care/gp/auckland-family-medical-centre/,primary
-36.9223484,174.70085619999998,Blockhouse Bay Medical Centre,93100,https://www.healthpoint.co.nz/gps-accident-urgent-medical-care/gp/blockhouse-bay-medical-centre/,primary
-36.8486298,174.7477917,College Hill Doctors,93167,https://www.healthpoint.co.nz/gps-accident-urgent-medical-care/gp/college-hill-doctors/,primary
-36.9115481,174.77625250000006,Cornwall Medical Centre,93176,https://www.healthpoint.co.nz/gps-accident-urgent-medical-care/gp/cornwall-medical-centre/,primary
-36.8648504,174.73767840000005,Grey Lynn Family Medical Centre,93462,https://www.healthpoint.co.nz/gps-accident-urgent-medical-care/gp/grey-lynn-family-medical-centre/,primary
-36.9261124,174.7493035,Hillside Medical Centre,93523,https://www.healthpoint.co.nz/gps-accident-urgent-medical-care/gp/hillside-medical-centre/,primary
-36.84860949999999,174.83042569999998,Mission Bay Doctors,93699,https://www.healthpoint.co.nz/gps-accident-urgent-medical-care/gp/mission-bay-doctors/,primary
-36.8872325,174.76001930000007,Mt Eden 575 Doctors,93728,https://www.healthpoint.co.nz/gps-accident-urgent-medical-care/gp/mt-eden-575-doctors/,primary
-36.8533478,174.78633539999998,My Doctor Limited,93787,https://www.healthpoint.co.nz/gps-accident-urgent-medical-care/gp/my-doctor-limited/,primary
-36.86907790000001,174.7776076,"197 Broadway, Newmarket, Auckland",93808,https://www.healthpoint.co.nz/197-broadway-newmarket-auckland/,primary
-36.8943862,174.69682080000007,Rosebank Road Medical Services Ltd.,94006,https://www.healthpoint.co.nz/gps-accident-urgent-medical-care/gp/rosebank-road-medical-services-ltd/,primary
-36.8476598,174.77435220000007,The Doctors QuayMed,94238,https://www.healthpoint.co.nz/gps-accident-urgent-medical-care/primary-healthcare-accident-medical/the-doctors-quaymed/,primary
-36.8446092,174.75483459999998,The Doctors QuayMed,94238,https://www.healthpoint.co.nz/gps-accident-urgent-medical-care/primary-healthcare-accident-medical/the-doctors-quaymed/,primary
-36.9080291,174.83687859999998,Mt Wellington Family Health Centre,94679,https://www.healthpoint.co.nz/gps-accident-urgent-medical-care/gp/mt-wellington-family-health-centre/,primary
-36.7961076,175.0449138,Ostend Medical Centre,94767,https://www.healthpoint.co.nz/gps-accident-urgent-medical-care/gp/ostend-medical-centre/,primary
-36.9009175,174.85748739999997,Panmure Medical Centre,95837,https://www.healthpoint.co.nz/gps-accident-urgent-medical-care/gp/panmure-medical-centre/,primary
-36.93828999999999,174.65832939999996,Titirangi Medical Centre Ltd.,96407,https://www.healthpoint.co.nz/gps-accident-urgent-medical-care/gp/titirangi-medical-centre-ltd/,primary
-36.845714,174.7662029,Queen Street Doctors,97264,https://www.healthpoint.co.nz/gps-accident-urgent-medical-care/gp/queen-street-doctors/,primary
-36.84498,174.76534700000002,CityMed,97947,https://www.healthpoint.co.nz/gps-accident-urgent-medical-care/gp/citymed/,primary
-36.7836872,175.0110032,Waiheke Medical Centre,99486,https://www.healthpoint.co.nz/gps-accident-urgent-medical-care/primary-healthcare-accident-medical/waiheke-medical-centre/,primary
-36.9235475,174.78564200000005,Onehunga Family Medical Centre,173441,https://www.healthpoint.co.nz/gps-accident-urgent-medical-care/gp/onehunga-family-medical-centre/,primary
-36.7421613,174.7331282,HealthZone Medical,207290,https://www.healthpoint.co.nz/gps-accident-urgent-medical-care/gp/healthzone-medical/,primary
-36.7666421,174.49526820000006,"The Triangle, Factory Road, Waimauku",208261,https://www.healthpoint.co.nz/the-triangle-factory-road-waimauku/,primary
-36.8230174,174.6239954,West Harbour Medical Centre,208357,https://www.healthpoint.co.nz/gps-accident-urgent-medical-care/gp/west-harbour-medical-centre/,primary
-36.88249702223441,174.63252660489346,West Auckland Healthcare - Wai Health Clinic,208437,https://www.healthpoint.co.nz/gps-accident-urgent-medical-care/gp/west-auckland-healthcare-wai-health-clinic/,primary
-36.86236510000001,174.64878780000004,T.L. Care,210223,https://www.healthpoint.co.nz/gps-accident-urgent-medical-care/gp/tl-care/,primary
-36.84880579999999,174.74905749999994,Auckland Central Medical & Health Centre,210933,https://www.healthpoint.co.nz/gps-accident-urgent-medical-care/gp/auckland-central-medical-health-centre/,primary
-36.7604783,174.74065810000002,Sunnynook Medical Centre Ltd,212607,https://www.healthpoint.co.nz/gps-accident-urgent-medical-care/gp/sunnynook-medical-centre-ltd/,primary
-36.8007331,174.7462048,All Care Family Medical Centre - Northcote,212651,https://www.healthpoint.co.nz/gps-accident-urgent-medical-care/gp/all-care-family-medical-centre-northcote/,primary
-36.5876413,174.6953358,Orewa Medical Centre,213018,https://www.healthpoint.co.nz/gps-accident-urgent-medical-care/gp/orewa-medical-centre/,primary
-36.85454420000001,174.65095729999996,"Peninsula Medical Centre (Te Atatu Peninsula, Auckland)",213067,https://www.healthpoint.co.nz/gps-accident-urgent-medical-care/gp/peninsula-medical-centre-te-atatu-peninsula/,primary
-36.91035369999999,174.64981710000006,Westview Medical Centre,213168,https://www.healthpoint.co.nz/gps-accident-urgent-medical-care/gp/westview-medical-centre/,primary
-36.90562870000001,174.6635986,Kelston Medical Centre ,213273,https://www.healthpoint.co.nz/gps-accident-urgent-medical-care/gp/kelston-medical-centre/,primary
-36.8292808,174.79730129999996,Devonport Family Medicine,215244,https://www.healthpoint.co.nz/gps-accident-urgent-medical-care/gp/devonport-family-medicine/,primary
-36.7979448,174.7005739,Te Puna Hauora o te Raki Paewhenua - Health & Social Services,215692,https://www.healthpoint.co.nz/gps-accident-urgent-medical-care/gp/te-puna-hauora-o-te-raki-paewhenua-health/,primary
-36.7950117,174.75595139999996,Te Puna Hauora o te Raki Paewhenua - Health & Social Services,215692,https://www.healthpoint.co.nz/gps-accident-urgent-medical-care/gp/te-puna-hauora-o-te-raki-paewhenua-health/,primary
-36.79090259939377,174.76317465305328,The Doctors Fred Thomas,219555,https://www.healthpoint.co.nz/gps-accident-urgent-medical-care/gp/the-doctors-fred-thomas/,primary
-36.82038028543983,174.6141968585052,Westgate Medical Centre,219592,https://www.healthpoint.co.nz/gps-accident-urgent-medical-care/primary-healthcare-accident-medical/westgate-medical-centre/,primary
-36.73261899999999,174.714609,Windsor Medical Centre,221354,https://www.healthpoint.co.nz/gps-accident-urgent-medical-care/gp/windsor-medical-centre/,primary
-36.3997448,174.66622340000004,Warkworth Medical Centre,222227,https://www.healthpoint.co.nz/gps-accident-urgent-medical-care/gp/warkworth-medical-centre/,primary
-36.4236026,174.7300141,Snells Beach Medical Centre,222259,https://www.healthpoint.co.nz/gps-accident-urgent-medical-care/gp/snells-beach-medical-centre/,primary
-36.94697459999999,174.84563690000004,Otahuhu Health Centre,225152,https://www.healthpoint.co.nz/gps-accident-urgent-medical-care/gp/otahuhu-health-centre/,primary
-36.9048545,174.68445129999998,The Doctors New Lynn,232140,https://www.healthpoint.co.nz/gps-accident-urgent-medical-care/gp/the-doctors-new-lynn/,primary
-36.7976547,174.77908360000004,MEDPLUS,246747,https://www.healthpoint.co.nz/gps-accident-urgent-medical-care/gp/medplus/,primary
-37.0430362,174.8655899,Pasefika Family Health Group - Weymouth Medical Centre,266676,https://www.healthpoint.co.nz/gps-accident-urgent-medical-care/gp/pasefika-family-health-group-weymouth-medical/,primary
-36.8462319,174.76593449999996,109 Doctors,305644,https://www.healthpoint.co.nz/gps-accident-urgent-medical-care/gp/109-doctors/,primary
-36.9841389,174.87851920000003,"597 Great South Road, Manukau, Auckland",316953,https://www.healthpoint.co.nz/597-great-south-road-manukau-auckland/,primary
-36.9453299,174.90685170000006,Local Doctors Dannemora,317322,https://www.healthpoint.co.nz/gps-accident-urgent-medical-care/gp/local-doctors-dannemora/,primary
-36.9769806,174.8961312,Local Doctors Dawson Road – Urgent Care & GP Clinic,317356,https://www.healthpoint.co.nz/gps-accident-urgent-medical-care/primary-healthcare-accident-medical/local-doctors-dawson-road-urgent-care-gp/,primary
-37.0615994,174.9396054,Tiakina Te Ora,318325,https://www.healthpoint.co.nz/gps-accident-urgent-medical-care/gp/tiakina-te-ora/,primary
-36.91531839999999,174.8728314,"11-13 Cortina Place, Pakuranga, Auckland",318617,https://www.healthpoint.co.nz/11-13-cortina-place-pakuranga-auckland/,primary
-37.0221625,174.89747820000002,Manurewa Healthcare,318673,https://www.healthpoint.co.nz/gps-accident-urgent-medical-care/gp/manurewa-healthcare/,primary
-36.9932454,174.88261620000003,Manukau City Medical Centre Ltd,319962,https://www.healthpoint.co.nz/gps-accident-urgent-medical-care/gp/manukau-city-medical-centre-ltd/,primary
-37.2526076,174.7254347,Waiuku Health Centre,320005,https://www.healthpoint.co.nz/gps-accident-urgent-medical-care/gp/waiuku-health-centre/,primary
-37.02049969999999,174.8971001,Baderdrive Doctors,320139,https://www.healthpoint.co.nz/gps-accident-urgent-medical-care/gp/baderdrive-doctors/,primary
-36.9690078,174.79892770000004,Baderdrive Doctors,320139,https://www.healthpoint.co.nz/gps-accident-urgent-medical-care/gp/baderdrive-doctors/,primary
-36.895417,174.93136219999997,Picton Surgery,320789,https://www.healthpoint.co.nz/gps-accident-urgent-medical-care/gp/picton-surgery/,primary
-36.9797129,174.85567420000007,Papatoetoe Medical Centre,321914,https://www.healthpoint.co.nz/gps-accident-urgent-medical-care/gp/papatoetoe-medical-centre/,primary
-36.9586605,174.87442409999994,Otara Whanau Medical Centre,324381,https://www.healthpoint.co.nz/gps-accident-urgent-medical-care/gp/otara-whanau-medical-centre/,primary
-37.0313194,174.86782160000007,Clendon Family Health Centre,326549,https://www.healthpoint.co.nz/gps-accident-urgent-medical-care/gp/clendon-family-health-centre/,primary
-37.020321,174.89554199999998,"157 Great South Road, Manurewa, Auckland",326596,https://www.healthpoint.co.nz/157-great-south-road-manurewa-auckland/,primary
-37.0339441,174.8671068,Clendon Medical Centre,326635,https://www.healthpoint.co.nz/gps-accident-urgent-medical-care/gp/clendon-medical-centre/,primary
-36.9462635,174.84423449999997,Queen Street Medical Centre,328369,https://www.healthpoint.co.nz/gps-accident-urgent-medical-care/gp/queen-street-medical-centre/,primary
-36.9567364,174.83386180000002,The Doctors Middlemore,329259,https://www.healthpoint.co.nz/gps-accident-urgent-medical-care/gp/the-doctors-middlemore/,primary
-36.92474869999999,174.91280400000005,Botany Terrace Medical Centre,329377,https://www.healthpoint.co.nz/gps-accident-urgent-medical-care/gp/botany-terrace-medical-centre/,primary
-36.96631679999999,174.9131364,"211 Ormiston Road, Flat Bush, Auckland",331593,https://www.healthpoint.co.nz/211-ormiston-road-flat-bush-auckland/,primary
-36.8955894,174.92296520000002,Howick Health and Medical Centre,332774,https://www.healthpoint.co.nz/gps-accident-urgent-medical-care/gp/howick-health-and-medical-centre/,primary
-36.85702749999999,174.7615813,The Auckland City Doctors,332796,https://www.healthpoint.co.nz/gps-accident-urgent-medical-care/gp/the-auckland-city-doctors/,primary
-36.9888735,174.88548590000005,Bakerfield Medical and Urgent Care,332937,https://www.healthpoint.co.nz/gps-accident-urgent-medical-care/primary-healthcare-accident-medical/bakerfield-medical-and-urgent-care/,primary
-36.9190524,174.91793159999997,Millhouse Integrative Medical Centre,333723,https://www.healthpoint.co.nz/gps-accident-urgent-medical-care/gp/millhouse-integrative-medical-centre/,primary
-36.8919603,174.92929049999998,Crawford Medical Centre,334104,https://www.healthpoint.co.nz/gps-accident-urgent-medical-care/gp/crawford-medical-centre/,primary
-37.0138948,174.90075019999995,Hillpark Family Medical Centre,334323,https://www.healthpoint.co.nz/gps-accident-urgent-medical-care/gp/hillpark-family-medical-centre/,primary
-36.88976820000001,175.0111382,Beachlands Medical Centre,335065,https://www.healthpoint.co.nz/gps-accident-urgent-medical-care/gp/beachlands-medical-centre/,primary
-36.9940928,175.03626540000005,Clevedon Village Medical Centre,335089,https://www.healthpoint.co.nz/gps-accident-urgent-medical-care/gp/clevedon-village-medical-centre/,primary
-37.098174,174.94844060000003,The Doctors Drury,335099,https://www.healthpoint.co.nz/gps-accident-urgent-medical-care/gp/the-doctors-drury/,primary
-36.9181432,174.87471040000003,Eastside Family Doctor,335659,https://www.healthpoint.co.nz/gps-accident-urgent-medical-care/gp/eastside-family-doctor/,primary
-36.8507998,174.7606103,The Calder Centre,353996,https://www.healthpoint.co.nz/gps-accident-urgent-medical-care/gp/the-calder-centre/,primary
-36.8488532,174.75583340000003,Victoria Park Medical Suites,440866,https://www.healthpoint.co.nz/gps-accident-urgent-medical-care/gp/victoria-park-medical-suites/,primary
-37.000885,174.88931389999993,Wiri Family Doctors,452155,https://www.healthpoint.co.nz/gps-accident-urgent-medical-care/gp/wiri-family-doctors/,primary
-36.937908,174.65662129999998,Titirangi Pharmacy,460481,https://www.healthpoint.co.nz/pharmacy/pharmacy/titirangi-pharmacy/,pharmacy
-36.7811474,174.72168729999999,Glenfield 7 Day Pharmacy Ltd,460576,https://www.healthpoint.co.nz/pharmacy/pharmacy/glenfield-7-day-pharmacy-ltd/,pharmacy
-36.7818928,174.7244151,Life Pharmacy Glenfield,460594,https://www.healthpoint.co.nz/pharmacy/pharmacy/life-pharmacy-glenfield/,pharmacy
-36.8551457,174.7319236,Home Pharmacy,460611,https://www.healthpoint.co.nz/pharmacy/pharmacy/home-pharmacy/,pharmacy
-36.88177290000001,174.7315122,St Lukes Medical Pharmacy,460687,https://www.healthpoint.co.nz/pharmacy/pharmacy/st-lukes-medical-pharmacy/,pharmacy
-36.9714065,174.785845,Airport Oaks Pharmacy,460691,https://www.healthpoint.co.nz/pharmacy/pharmacy/airport-oaks-pharmacy/,pharmacy
-36.91159359999999,174.7762679,Unichem Walls and Roche Pharmacy,461242,https://www.healthpoint.co.nz/pharmacy/pharmacy/unichem-walls-and-roche-pharmacy/,pharmacy
-36.8485693,174.8315182,Mission Bay Pharmacy,461441,https://www.healthpoint.co.nz/pharmacy/pharmacy/mission-bay-pharmacy/,pharmacy
-36.8606817,174.82964319999996,Life Pharmacy Eastridge,461499,https://www.healthpoint.co.nz/pharmacy/pharmacy/life-pharmacy-eastridge/,pharmacy
-37.0651675,174.94372169999997,Unichem Papakura Pharmacy,461527,https://www.healthpoint.co.nz/pharmacy/pharmacy/unichem-papakura-pharmacy/,pharmacy
-37.2601873,174.94639670000004,Unichem Tuakau Pharmacy,461560,https://www.healthpoint.co.nz/pharmacy/pharmacy/unichem-tuakau-pharmacy/,pharmacy
-36.87587749999999,174.82816460000004,"Meadowbank Shopping Centre, 35-47 Saint Johns Road, Saint Johns, Auckland",461579,https://www.healthpoint.co.nz/meadowbank-shopping-centre-35-47-saint-johns/,pharmacy
-36.63142500000001,174.76342499999998,Unichem Manly Pharmacy,461634,https://www.healthpoint.co.nz/pharmacy/pharmacy/unichem-manly-pharmacy/,pharmacy
-36.9799477,174.85362110000005,Unichem Papatoetoe Pharmacy,461657,https://www.healthpoint.co.nz/pharmacy/pharmacy/unichem-papatoetoe-pharmacy/,pharmacy
-36.9144178,174.67128630000002,New Lynn West Pharmacy,461692,https://www.healthpoint.co.nz/pharmacy/pharmacy/new-lynn-west-pharmacy/,pharmacy
-36.7759751,174.55597179999995,Allen's Village Pharmacy,461697,https://www.healthpoint.co.nz/pharmacy/pharmacy/allens-village-pharmacy/,pharmacy
-36.92089550000001,174.7362352,Unichem Roskill Village Pharmacy,461796,https://www.healthpoint.co.nz/pharmacy/pharmacy/unichem-roskill-village-pharmacy/,pharmacy
-36.81225850000001,174.72502889999998,Life Pharmacy Birkenhead,461880,https://www.healthpoint.co.nz/pharmacy/pharmacy/life-pharmacy-birkenhead/,pharmacy
-37.2008535,174.90021060000004,Unichem Pukekohe Pharmacy,461893,https://www.healthpoint.co.nz/pharmacy/pharmacy/unichem-pukekohe-pharmacy/,pharmacy
-36.8960964,174.83244719999993,Harris Road Pharmacy,462388,https://www.healthpoint.co.nz/pharmacy/pharmacy/harris-road-pharmacy/,pharmacy
-36.8621229,174.8588211,"eastMED Integrated Medical Centre, 188 Saint Heliers Bay Road, Saint Heliers, Auckland",462469,https://www.healthpoint.co.nz/eastmed-integrated-medical-centre-188-saint/,pharmacy
-36.8457023,174.73535040000002,Herne Bay Pharmacy,462484,https://www.healthpoint.co.nz/pharmacy/pharmacy/herne-bay-pharmacy/,pharmacy
-36.8710078,174.7770568,Life Pharmacy Newmarket,462545,https://www.healthpoint.co.nz/pharmacy/pharmacy/life-pharmacy-newmarket/,pharmacy
-36.9234708,174.78566980000005,Onehunga Family Pharmacy,462592,https://www.healthpoint.co.nz/pharmacy/pharmacy/onehunga-family-pharmacy/,pharmacy
-36.735662,174.72740699999997,Unichem Apollo Drive Pharmacy,462655,https://www.healthpoint.co.nz/pharmacy/pharmacy/unichem-apollo-drive-pharmacy/,pharmacy
-36.9148413,174.80111750000003,Unichem Mt Smart Pharmacy,462668,https://www.healthpoint.co.nz/pharmacy/pharmacy/unichem-mt-smart-pharmacy/,pharmacy
-36.7757676,174.6702335,Unichem Greenhithe Pharmacy,462822,https://www.healthpoint.co.nz/pharmacy/pharmacy/unichem-greenhithe-pharmacy/,pharmacy
-36.79713150000001,174.77838399999996,Hauraki Corner Pharmacy,462870,https://www.healthpoint.co.nz/pharmacy/pharmacy/hauraki-corner-pharmacy/,pharmacy
-36.6770257,174.45036800000003,Unichem Helensville Pharmacy,462902,https://www.healthpoint.co.nz/pharmacy/pharmacy/unichem-helensville-pharmacy/,pharmacy
-36.7974685,174.64744959999996,Unichem Hobsonville Pharmacy,462937,https://www.healthpoint.co.nz/pharmacy/pharmacy/unichem-hobsonville-pharmacy/,pharmacy
-36.8566378,174.62956410000004,Lincoln Mall Pharmacy,462962,https://www.healthpoint.co.nz/pharmacy/pharmacy/lincoln-mall-pharmacy/,pharmacy
-36.3976205,174.66426769999998,Harts Pharmacy,462968,https://www.healthpoint.co.nz/pharmacy/pharmacy/harts-pharmacy/,pharmacy
-36.834692,174.60250689999998,Unichem Massey Pharmacy,462973,https://www.healthpoint.co.nz/pharmacy/pharmacy/unichem-massey-pharmacy/,pharmacy
-36.8011217,174.7457822,Northcote Family Pharmacy,463004,https://www.healthpoint.co.nz/pharmacy/pharmacy/northcote-family-pharmacy/,pharmacy
-36.74282649999999,174.695961,Unichem Rosedale Pharmacy,463079,https://www.healthpoint.co.nz/pharmacy/pharmacy/unichem-rosedale-pharmacy/,pharmacy
-36.8328634,174.62307080000005,Royal Heights Pharmacy,463084,https://www.healthpoint.co.nz/pharmacy/pharmacy/royal-heights-pharmacy/,pharmacy
-36.7875749,174.7700345,Life Pharmacy Takapuna,463089,https://www.healthpoint.co.nz/pharmacy/pharmacy/life-pharmacy-takapuna/,pharmacy
-36.76812039999999,174.49287800000002,Waimauku Pharmacy,463128,https://www.healthpoint.co.nz/pharmacy/pharmacy/waimauku-pharmacy/,pharmacy
-36.8936851,174.93084010000007,Unichem Main Street Pharmacy,463168,https://www.healthpoint.co.nz/pharmacy/pharmacy/unichem-main-street-pharmacy/,pharmacy
-36.9223969,174.91370040000004,Botany Superclinic Pharmacy,463191,https://www.healthpoint.co.nz/pharmacy/pharmacy/botany-superclinic-pharmacy/,pharmacy
-36.9609433,174.88799849999998,East Tamaki Pharmacy,463217,https://www.healthpoint.co.nz/pharmacy/pharmacy/east-tamaki-pharmacy/,pharmacy
-37.03272739999999,174.8680019,Clendon Pharmacy,463249,https://www.healthpoint.co.nz/pharmacy/pharmacy/clendon-pharmacy/,pharmacy
-37.0225053,174.8967004,Southmall Pharmacy,463309,https://www.healthpoint.co.nz/pharmacy/pharmacy/southmall-pharmacy/,pharmacy
-37.0221065,174.89861059999998,The People Centre Pharmacy,463314,https://www.healthpoint.co.nz/pharmacy/pharmacy/the-people-centre-pharmacy/,pharmacy
-36.9034244,174.74229330000003,Bradburns Value Pharmacy,463334,https://www.healthpoint.co.nz/pharmacy/pharmacy/bradburns-value-pharmacy/,pharmacy
-36.86054163337887,174.76943492889404,Auckland City Hospital Pharmacy,463345,https://www.healthpoint.co.nz/pharmacy/pharmacy/auckland-city-hospital-pharmacy/,pharmacy
-36.9135005,174.8407995,"Sylvia Park Shopping Centre, 286 Mt Wellington Highway, Mt Wellington, Auckland",463414,https://www.healthpoint.co.nz/sylvia-park-shopping-centre-286-mt-wellington/,pharmacy
-36.90837610000001,174.83738790000007,Unichem Neills Pharmacy,463424,https://www.healthpoint.co.nz/pharmacy/pharmacy/unichem-neills-pharmacy/,pharmacy
-36.9063797,174.70190100000002,Glenavon Kiwi Chemist,463430,https://www.healthpoint.co.nz/pharmacy/pharmacy/glenavon-kiwi-chemist/,pharmacy
-36.9132158,174.72797960000003,"Mt Roskill Medical & Surgical Centre, 445 Richardson Road, Mount Roskill, Auckland",463504,https://www.healthpoint.co.nz/mt-roskill-medical-surgical-centre-445-richardson/,pharmacy
-36.9104783,174.77481910000006,Unichem Royal Oak Pharmacy,463509,https://www.healthpoint.co.nz/pharmacy/pharmacy/unichem-royal-oak-pharmacy/,pharmacy
-36.91029229999999,174.65176109999993,Glen Eden Pharmacy,463809,https://www.healthpoint.co.nz/pharmacy/pharmacy/glen-eden-pharmacy/,pharmacy
-36.7893879,174.74513780000007,Sunnybrae Pharmacy,463829,https://www.healthpoint.co.nz/pharmacy/pharmacy/sunnybrae-pharmacy/,pharmacy
-36.784107938385745,174.7535079717636,Shorecare Pharmacy,463878,https://www.healthpoint.co.nz/pharmacy/pharmacy/shorecare-pharmacy/,pharmacy
-36.90245770000001,174.92564259999995,Unichem John Savory Pharmacy,464116,https://www.healthpoint.co.nz/pharmacy/pharmacy/unichem-john-savory-pharmacy/,pharmacy
-36.8809843,174.89905199999998,Unichem Marina Pharmacy,465046,https://www.healthpoint.co.nz/pharmacy/pharmacy/unichem-marina-pharmacy/,pharmacy
-37.257874,174.94671070000004,Family Health Pharmacy (Tuakau),465092,https://www.healthpoint.co.nz/pharmacy/pharmacy/family-health-pharmacy-tuakau/,pharmacy
-37.2005486,174.90268609999998,Liddells Pharmacy,465103,https://www.healthpoint.co.nz/pharmacy/pharmacy/liddells-pharmacy/,pharmacy
-37.0636675,174.94278540000005,Urban Pharmacy Papakura,465159,https://www.healthpoint.co.nz/pharmacy/pharmacy/urban-pharmacy-papakura/,pharmacy
-37.0219826,174.89711179999995,Unichem Manurewa Pharmacy,465177,https://www.healthpoint.co.nz/pharmacy/pharmacy/unichem-manurewa-pharmacy/,pharmacy
-36.8829818,174.73359749999997,Life Pharmacy St Lukes,465193,https://www.healthpoint.co.nz/pharmacy/pharmacy/life-pharmacy-st-lukes/,pharmacy
-36.7294937,174.70401909999998,Unichem Albany Mega Centre Pharmacy,465486,https://www.healthpoint.co.nz/pharmacy/pharmacy/unichem-albany-mega-centre-pharmacy/,pharmacy
-36.7365497,174.7254325,Healthcare Pharmacy Rosedale,487798,https://www.healthpoint.co.nz/pharmacy/pharmacy/healthcare-pharmacy-rosedale/,pharmacy
-37.2029995,174.90510589999997,Huakina Development Trust,504668,https://www.healthpoint.co.nz/community-health-services/community-health/huakina-development-trust/,community
-36.88976820000001,175.0111382,Pohutukawa Coast Pharmacy,516455,https://www.healthpoint.co.nz/pharmacy/pharmacy/pohutukawa-coast-pharmacy/,pharmacy
-36.7928138,174.6609396,Hobsonville Point Medical Centre,522144,https://www.healthpoint.co.nz/gps-accident-urgent-medical-care/gp/hobsonville-point-medical-centre/,primary
-36.7928138,174.6609396,Hobsonville Point Pharmacy,523950,https://www.healthpoint.co.nz/pharmacy/pharmacy/hobsonville-point-pharmacy/,pharmacy
-40.6261129,175.2901831,Raukawa Whānau Ora,529189,https://www.healthpoint.co.nz/community-health-services/community-health/raukawa-whanau-ora/,community
-41.2891343,173.27233790000003,St Lukes Health Centre,534679,https://www.healthpoint.co.nz/gps-accident-urgent-medical-care/gp/st-lukes-health-centre-1/,primary
-40.8782825,172.81697529999997,Golden Bay Community Health Centre,534703,https://www.healthpoint.co.nz/gps-accident-urgent-medical-care/gp/golden-bay-community-health-centre/,primary
-41.27369230000001,173.28716729999996,Hauora Health Centre,534778,https://www.healthpoint.co.nz/gps-accident-urgent-medical-care/gp/hauora-health-centre/,primary
-41.1103682,173.01140869999995,Bay Pharmacy Motueka,534808,https://www.healthpoint.co.nz/pharmacy/pharmacy/bay-pharmacy-motueka/,pharmacy
-41.51485040000001,173.96005709999997,Community Care Pharmacy,534814,https://www.healthpoint.co.nz/pharmacy/pharmacy/community-care-pharmacy/,pharmacy
-41.25305719999999,173.09564890000001,Mapua Pharmacy,534832,https://www.healthpoint.co.nz/pharmacy/pharmacy/mapua-pharmacy/,pharmacy
-41.517338,173.95766300000003,"16 Francis Street, Blenheim",534844,https://www.healthpoint.co.nz/16-francis-street-blenheim/,pharmacy
-41.5300482,173.95589280000002,Unichem Redwoodtown Pharmacy,534868,https://www.healthpoint.co.nz/pharmacy/pharmacy/unichem-redwoodtown-pharmacy/,pharmacy
-41.75619029999999,171.5991692,Coast Medical,534910,https://www.healthpoint.co.nz/gps-accident-urgent-medical-care/gp/coast-medical/,primary
-42.1186508,171.86048470000003,Reefton Health Medical Centre,534913,https://www.healthpoint.co.nz/gps-accident-urgent-medical-care/gp/reefton-health-medical-centre/,primary
-42.7172867,170.96483060000003,Westland Medical Centre,534922,https://www.healthpoint.co.nz/gps-accident-urgent-medical-care/gp/westland-medical-centre/,primary
-42.4497378,171.2106761,Unichem Olsen's Pharmacy,534934,https://www.healthpoint.co.nz/pharmacy/pharmacy/unichem-olsens-pharmacy/,pharmacy
-42.71741129999999,170.96234479999998,Westland Pharmacy,534937,https://www.healthpoint.co.nz/pharmacy/pharmacy/westland-pharmacy/,pharmacy
-43.8140785,172.96148199999993,Akaroa Health Limited,534952,https://www.healthpoint.co.nz/gps-accident-urgent-medical-care/gp/akaroa-health-limited/,primary
-42.69677069999999,172.9479602,Amuri Community Health Centre,534961,https://www.healthpoint.co.nz/gps-accident-urgent-medical-care/gp/amuri-community-health-centre/,primary
-43.4733475,172.5950719,"118A Claridges Road, Casebrook, Christchurch",534997,https://www.healthpoint.co.nz/118a-claridges-road-casebrook-christchurch/,primary
-43.5667997,172.64677140000003,"91 Centaurus Road, Huntsbury, Christchurch",535000,https://www.healthpoint.co.nz/91-centaurus-road-huntsbury-christchurch/,primary
-42.8128105,173.2796131,Cheviot Community Health Centre,535006,https://www.healthpoint.co.nz/gps-accident-urgent-medical-care/gp/cheviot-community-health-centre/,primary
-43.5562922,172.6365014,The Doctors Christchurch South,535009,https://www.healthpoint.co.nz/gps-accident-urgent-medical-care/gp/the-doctors-christchurch-south/,primary
-43.5224537,172.37045769999997,Darfield Medical Centre,535018,https://www.healthpoint.co.nz/gps-accident-urgent-medical-care/gp/darfield-medical-centre/,primary
-43.4870016,172.11728219999998,Darfield Medical Centre,535018,https://www.healthpoint.co.nz/gps-accident-urgent-medical-care/gp/darfield-medical-centre/,primary
-43.5305234,172.5927947,Doctors on Riccarton,535030,https://www.healthpoint.co.nz/gps-accident-urgent-medical-care/gp/doctors-on-riccarton/,primary
-43.302568,172.5916687,Durham Health,535033,https://www.healthpoint.co.nz/gps-accident-urgent-medical-care/gp/durham-health/,primary
-43.5411904,172.660294,Ferry Road Medical Centre,535045,https://www.healthpoint.co.nz/gps-accident-urgent-medical-care/gp/ferry-road-medical-centre/,primary
-43.5761593,172.54616569999996,Halswellhealth,535069,https://www.healthpoint.co.nz/gps-accident-urgent-medical-care/gp/halswellhealth/,primary
-43.574254,172.568093,Halswellhealth,535069,https://www.healthpoint.co.nz/gps-accident-urgent-medical-care/gp/halswellhealth/,primary
-42.519135,172.82255899999996,Hanmer Springs Health Centre,535072,https://www.healthpoint.co.nz/gps-accident-urgent-medical-care/gp/hanmer-springs-health-centre/,primary
-42.4045962,173.68156399999998,Kaikōura Health (Te Hā o Te Ora),535123,https://www.healthpoint.co.nz/gps-accident-urgent-medical-care/gp/kaikoura-health-te-ha-o-te-ora/,primary
-43.4978564,172.5727096,Kendal Medical Centre,535126,https://www.healthpoint.co.nz/gps-accident-urgent-medical-care/gp/kendal-medical-centre/,primary
-43.7613679,172.29945220000002,Leeston Medical Centre,535132,https://www.healthpoint.co.nz/gps-accident-urgent-medical-care/gp/leeston-medical-centre/,primary
-43.5528734,172.5965675,Village Health Lincoln Road,535138,https://www.healthpoint.co.nz/gps-accident-urgent-medical-care/gp/village-health-lincoln-road/,primary
-43.4914223,172.613138,Main North Road Medical Centre,535150,https://www.healthpoint.co.nz/gps-accident-urgent-medical-care/gp/main-north-road-medical-centre/,primary
-43.5213561,172.6369238,Menz Medical,535165,https://www.healthpoint.co.nz/gps-accident-urgent-medical-care/gp/menz-medical/,primary
-43.6333427,171.64751,Methven Medical Centre,535174,https://www.healthpoint.co.nz/gps-accident-urgent-medical-care/gp/methven-medical-centre/,primary
-44.7378475,171.04205279999996,Oak House Medical Centre,535195,https://www.healthpoint.co.nz/gps-accident-urgent-medical-care/gp/oak-house-medical-centre/,primary
-43.30227600000001,172.19161229999997,Oxford Community Health Centre,535201,https://www.healthpoint.co.nz/gps-accident-urgent-medical-care/gp/oxford-community-health-centre/,primary
-43.5070877,172.6623593,Shirley Medical Centre,535288,https://www.healthpoint.co.nz/gps-accident-urgent-medical-care/gp/shirley-medical-centre/,primary
-43.5592762,172.6548636,St Martins Medical Practice,535300,https://www.healthpoint.co.nz/gps-accident-urgent-medical-care/gp/st-martins-medical-practice/,primary
-44.2415568,171.27734639999994,Temuka Family Practice,535318,https://www.healthpoint.co.nz/gps-accident-urgent-medical-care/gp/temuka-family-practice/,primary
-43.5321144,172.63748680000003,The Christchurch Doctors,535324,https://www.healthpoint.co.nz/gps-accident-urgent-medical-care/gp/the-christchurch-doctors/,primary
-44.26112159999999,170.09812149999993,Twizel Medical Centre,535342,https://www.healthpoint.co.nz/gps-accident-urgent-medical-care/gp/twizel-medical-centre/,primary
-42.9665,172.68318709999994,Waikari Health Centre,535357,https://www.healthpoint.co.nz/gps-accident-urgent-medical-care/gp/waikari-health-centre/,primary
-43.49148289999999,172.5476804,Unichem Spitfire Square Pharmacy,535393,https://www.healthpoint.co.nz/pharmacy/pharmacy/unichem-spitfire-square-pharmacy/,pharmacy
-43.511989,172.62189250000006,Alabaster's Merivale Pharmacy,535399,https://www.healthpoint.co.nz/pharmacy/pharmacy/alabasters-merivale-pharmacy/,pharmacy
-43.8872655,171.7427728,Searles Allenton Pharmacy (Ash) Ltd,535402,https://www.healthpoint.co.nz/pharmacy/pharmacy/searles-allenton-pharmacy-ash-ltd/,pharmacy
-43.49957000000001,172.58612549999998,Unichem Crisps Pharmacy,535429,https://www.healthpoint.co.nz/pharmacy/pharmacy/unichem-crisps-pharmacy/,pharmacy
-43.5123107,172.62156230000005,Life Pharmacy Merivale,535438,https://www.healthpoint.co.nz/pharmacy/pharmacy/life-pharmacy-merivale/,pharmacy
-43.5172734,172.7021029,Eastern Pharmacy Aranui,535444,https://www.healthpoint.co.nz/pharmacy/pharmacy/eastern-pharmacy-aranui/,pharmacy
-43.50974979999999,172.6066399,Unichem Elmwood Pharmacy,535450,https://www.healthpoint.co.nz/pharmacy/pharmacy/unichem-elmwood-pharmacy/,pharmacy
-44.09114359999999,171.24367200000006,Geraldine Pharmacy,535468,https://www.healthpoint.co.nz/pharmacy/pharmacy/geraldine-pharmacy/,pharmacy
-43.5743839,172.56777639999996,Halswell Pharmacy,535471,https://www.healthpoint.co.nz/pharmacy/pharmacy/halswell-pharmacy/,pharmacy
-43.55787489999999,172.6365032,Hardings Chemist and Post,535480,https://www.healthpoint.co.nz/pharmacy/pharmacy/hardings-chemist-and-post/,pharmacy
-43.5120206,172.5804745,Unichem Ilam Healthworks Pharmacy,535486,https://www.healthpoint.co.nz/pharmacy/pharmacy/unichem-ilam-healthworks-pharmacy/,pharmacy
-43.5532919,172.4732225,Templeton Pharmacy,535510,https://www.healthpoint.co.nz/pharmacy/pharmacy/templeton-pharmacy/,pharmacy
-43.9047352,171.74738330000002,Life Pharmacy Ashburton,535516,https://www.healthpoint.co.nz/pharmacy/pharmacy/life-pharmacy-ashburton/,pharmacy
-43.4943164,172.6097578,Life Pharmacy Northlands,535519,https://www.healthpoint.co.nz/pharmacy/pharmacy/life-pharmacy-northlands/,pharmacy
-43.5310205,172.597776,Life Pharmacy Riccarton,535522,https://www.healthpoint.co.nz/pharmacy/pharmacy/life-pharmacy-riccarton/,pharmacy
-43.5385273,172.64226329999997,Pharmacy Xtra,535588,https://www.healthpoint.co.nz/pharmacy/pharmacy/pharmacy-xtra/,pharmacy
-44.4014388,171.25162420000004,Roberts Pharmacy,535606,https://www.healthpoint.co.nz/pharmacy/pharmacy/roberts-pharmacy/,pharmacy
-43.5481628,172.6220469,Selwyn Village Pharmacy,535615,https://www.healthpoint.co.nz/pharmacy/pharmacy/selwyn-village-pharmacy/,pharmacy
-43.5135859,172.6363917,St Albans Pharmacy,535630,https://www.healthpoint.co.nz/pharmacy/pharmacy/st-albans-pharmacy/,pharmacy
-43.5584292,172.65425389999996,St Martins Pharmacy,535633,https://www.healthpoint.co.nz/pharmacy/pharmacy/st-martins-pharmacy/,pharmacy
-43.56920559999999,172.75907949999998,Sumner Pharmacy,535645,https://www.healthpoint.co.nz/pharmacy/pharmacy/sumner-pharmacy/,pharmacy
-43.5424395,172.61404330000005,Addington Pharmacy,535657,https://www.healthpoint.co.nz/pharmacy/pharmacy/addington-pharmacy/,pharmacy
-43.44468639999999,172.63287760000003,Unichem Belfast Pharmacy,535675,https://www.healthpoint.co.nz/pharmacy/pharmacy/unichem-belfast-pharmacy/,pharmacy
-43.4887925,172.5874003,Unichem Bishopdale Pharmacy,535678,https://www.healthpoint.co.nz/pharmacy/pharmacy/unichem-bishopdale-pharmacy/,pharmacy
-43.3035944,172.59362099999998,Life Pharmacy Rangiora,535693,https://www.healthpoint.co.nz/pharmacy/pharmacy/life-pharmacy-rangiora/,pharmacy
-44.3901301,171.22647959999995,Unichem Highfield Mall Pharmacy,535696,https://www.healthpoint.co.nz/pharmacy/pharmacy/unichem-highfield-mall-pharmacy/,pharmacy
-43.304131,172.5919847,Unichem Medical Corner Pharmacy,535705,https://www.healthpoint.co.nz/pharmacy/pharmacy/unichem-medical-corner-pharmacy/,pharmacy
-43.5938932,172.3874769,Unichem Rolleston Central Pharmacy,535714,https://www.healthpoint.co.nz/pharmacy/pharmacy/unichem-rolleston-central-pharmacy/,pharmacy
-43.57974859999999,172.56692980000003,Unichem Stantons Pharmacy Halswell,535717,https://www.healthpoint.co.nz/pharmacy/pharmacy/unichem-stantons-pharmacy-halswell/,pharmacy
-44.3944365,171.251124,Unichem Stafford Street Pharmacy,535720,https://www.healthpoint.co.nz/pharmacy/pharmacy/unichem-stafford-street-pharmacy/,pharmacy
-43.5211494,172.64190259999998,Unichem Bealey Avenue Pharmacy,535729,https://www.healthpoint.co.nz/pharmacy/pharmacy/unichem-bealey-avenue-pharmacy/,pharmacy
-43.52492709999999,172.66167470000005,Woodham Road Pharmacy,535744,https://www.healthpoint.co.nz/pharmacy/pharmacy/woodham-road-pharmacy/,pharmacy
-46.4105505,168.35505020000005,Murihiku Medical Services,536176,https://www.healthpoint.co.nz/gps-accident-urgent-medical-care/gp/murihiku-medical-services/,primary
-46.6042543,168.3503409,Bluff Medical Centre,536185,https://www.healthpoint.co.nz/gps-accident-urgent-medical-care/gp/bluff-medical-centre/,primary
-45.4151031,167.71850659999996,Fiordland Medical Practice,536197,https://www.healthpoint.co.nz/gps-accident-urgent-medical-care/gp/fiordland-medical-practice/,primary
-46.10419099999999,168.93870349999997,Gore Medical Centre,536206,https://www.healthpoint.co.nz/gps-accident-urgent-medical-care/gp/gore-medical-centre/,primary
-45.0323615,168.65936569999997,Mountain Lakes Medical,536221,https://www.healthpoint.co.nz/gps-accident-urgent-medical-care/gp/mountain-lakes-medical/,primary
-45.0129674,168.7414987,"Five Mile Shopping Centre, Grant Road, Frankton, Queenstown",536221,https://www.healthpoint.co.nz/five-mile-shopping-centre-grant-road-frankton/,primary
-46.1444717,167.99875499999996,Otautau Medical Centre,536230,https://www.healthpoint.co.nz/gps-accident-urgent-medical-care/gp/otautau-medical-centre/,primary
-46.4283689,168.3616368,South City Medical Centre (Invercargill),536248,https://www.healthpoint.co.nz/gps-accident-urgent-medical-care/gp/south-city-medical-centre-invercargill/,primary
-46.1276521,167.68986310000003,Tuatapere Medical Centre,536257,https://www.healthpoint.co.nz/gps-accident-urgent-medical-care/gp/tuatapere-medical-centre/,primary
-45.9331621,167.9568925,Tuatapere Medical Centre,536257,https://www.healthpoint.co.nz/gps-accident-urgent-medical-care/gp/tuatapere-medical-centre/,primary
-45.0164699,168.7303955,The Doctors Whakatipu,536272,https://www.healthpoint.co.nz/gps-accident-urgent-medical-care/gp/the-doctors-whakatipu/,primary
-45.001981553730865,168.78232062388872,The Doctors Whakatipu,536272,https://www.healthpoint.co.nz/gps-accident-urgent-medical-care/gp/the-doctors-whakatipu/,primary
-46.1342842,168.3257304,Winton Medical Centre,536275,https://www.healthpoint.co.nz/gps-accident-urgent-medical-care/gp/winton-medical-centre/,primary
-46.0999501,168.94563879999998,Life Pharmacy La Hood's,536302,https://www.healthpoint.co.nz/pharmacy/pharmacy/life-pharmacy-la-hoods/,pharmacy
-45.0304524,168.6578617,Queenstown Pharmacy,536311,https://www.healthpoint.co.nz/pharmacy/pharmacy/queenstown-pharmacy/,pharmacy
-46.10132460000001,168.9438404,Unichem Quins Gore Pharmacy,536314,https://www.healthpoint.co.nz/pharmacy/pharmacy/unichem-quins-gore-pharmacy/,pharmacy
-46.3517829,168.0137522,Riverton Pharmacy,536317,https://www.healthpoint.co.nz/pharmacy/pharmacy/riverton-pharmacy/,pharmacy
-45.0160276,168.73101380000003,Unichem Summerfields Pharmacy,536323,https://www.healthpoint.co.nz/pharmacy/pharmacy/unichem-summerfields-pharmacy/,pharmacy
-46.3771612,168.3470402,Unichem Waikiwi Pharmacy,536338,https://www.healthpoint.co.nz/pharmacy/pharmacy/unichem-waikiwi-pharmacy/,pharmacy
-46.3950508,168.3654221,Windsor Pharmacy (Previously known as Wallaces Pharmacy),536341,https://www.healthpoint.co.nz/pharmacy/pharmacy/windsor-pharmacy-previously-known-as-wallaces/,pharmacy
-46.1420194,168.3248045,Winton Pharmacy,536350,https://www.healthpoint.co.nz/pharmacy/pharmacy/winton-pharmacy/,pharmacy
-45.8965682,170.4999257,Aurora Health Centre,536369,https://www.healthpoint.co.nz/gps-accident-urgent-medical-care/gp/aurora-health-centre/,primary
-45.8990089,170.4840968,Dunedin Health Centre,536375,https://www.healthpoint.co.nz/gps-accident-urgent-medical-care/gp/dunedin-health-centre/,primary
-45.096573,170.9706678,Central Medical Oamaru,536381,https://www.healthpoint.co.nz/gps-accident-urgent-medical-care/gp/central-medical-oamaru/,primary
-45.0496762,169.19456679999996,Cromwell Family Practice,536396,https://www.healthpoint.co.nz/gps-accident-urgent-medical-care/gp/cromwell-family-practice/,primary
-44.7332262,170.46883839999998,Kurow Medical Centre,536438,https://www.healthpoint.co.nz/gps-accident-urgent-medical-care/gp/kurow-medical-centre/,primary
-44.48926386041274,169.97090321957398,Kurow Medical Centre,536438,https://www.healthpoint.co.nz/gps-accident-urgent-medical-care/gp/kurow-medical-centre/,primary
-44.2642029,170.10048430000006,Kurow Medical Centre,536438,https://www.healthpoint.co.nz/gps-accident-urgent-medical-care/gp/kurow-medical-centre/,primary
-45.88205179999999,170.48280269999998,Mornington Health Centre,536453,https://www.healthpoint.co.nz/gps-accident-urgent-medical-care/gp/mornington-health-centre/,primary
-45.8828617,170.34706919999996,Mosgiel Health Centre,536456,https://www.healthpoint.co.nz/gps-accident-urgent-medical-care/gp/mosgiel-health-centre/,primary
-45.8603836,170.22889580000003,Outram Medical Centre,536474,https://www.healthpoint.co.nz/gps-accident-urgent-medical-care/gp/outram-medical-centre/,primary
-45.8675867,170.506651,Pitt Street Medical,536480,https://www.healthpoint.co.nz/gps-accident-urgent-medical-care/gp/pitt-street-medical/,primary
-45.8676409,170.4889166,Roslyn Health Centre,536486,https://www.healthpoint.co.nz/gps-accident-urgent-medical-care/gp/roslyn-health-centre/,primary
-45.53865399999999,169.31083490000003,Roxburgh Medical Centre,536489,https://www.healthpoint.co.nz/gps-accident-urgent-medical-care/gp/roxburgh-medical-centre/,primary
-45.93730670000001,169.26296909999996,West Otago Health Medical Centre,536510,https://www.healthpoint.co.nz/gps-accident-urgent-medical-care/gp/west-otago-health-medical-centre/,primary
-45.8661204,170.5087744,Albany St Pharmacy,536516,https://www.healthpoint.co.nz/pharmacy/pharmacy/albany-st-pharmacy/,pharmacy
-45.8671052,170.48892420000004,Roslyn Pharmacy,536549,https://www.healthpoint.co.nz/pharmacy/pharmacy/roslyn-pharmacy/,pharmacy
-45.8963282,170.48063049999996,Caversham Pharmacy,536552,https://www.healthpoint.co.nz/pharmacy/pharmacy/caversham-pharmacy/,pharmacy
-45.0373503,169.19655769999997,antidote Cromwell,536555,https://www.healthpoint.co.nz/pharmacy/pharmacy/antidote-cromwell/,pharmacy
-46.23777690000001,169.73927760000004,Bates Pharmacy,536564,https://www.healthpoint.co.nz/pharmacy/pharmacy/bates-pharmacy/,pharmacy
-45.9022412,170.4290062,Larson's Pharmacy,536579,https://www.healthpoint.co.nz/pharmacy/pharmacy/larsons-pharmacy/,pharmacy
-45.897729,170.5017315,McNaughton's Pharmacy,536591,https://www.healthpoint.co.nz/pharmacy/pharmacy/mcnaughtons-pharmacy/,pharmacy
-45.09721529999999,170.97161119999998,Oamaru Pharmacy,536603,https://www.healthpoint.co.nz/pharmacy/pharmacy/oamaru-pharmacy/,pharmacy
-45.8750481,170.34796759999995,Unichem Central Pharmacy Mosgiel,536609,https://www.healthpoint.co.nz/pharmacy/pharmacy/unichem-central-pharmacy-mosgiel/,pharmacy
-45.8678529,170.5073532,Unichem Knox Pharmacy,536621,https://www.healthpoint.co.nz/pharmacy/pharmacy/unichem-knox-pharmacy/,pharmacy
-45.8822846,170.4826778,Unichem Mornington Pharmacy,536624,https://www.healthpoint.co.nz/pharmacy/pharmacy/unichem-mornington-pharmacy/,pharmacy
-45.48472760000001,170.71578439999996,Waihemo Pharmacy,536633,https://www.healthpoint.co.nz/pharmacy/pharmacy/waihemo-pharmacy/,pharmacy
-41.2947113,174.7805629,Capital Care Health Centre,536651,https://www.healthpoint.co.nz/gps-accident-urgent-medical-care/gp/capital-care-health-centre/,primary
-41.282275,174.7756213,City Medical Centre,536660,https://www.healthpoint.co.nz/gps-accident-urgent-medical-care/gp/city-medical-centre/,primary
-41.22172399999999,174.8065111,Johnsonville Medical Centre,536690,https://www.healthpoint.co.nz/gps-accident-urgent-medical-care/gp/johnsonville-medical-centre/,primary
-41.30112560000001,174.77929560000007,Ora Toa - Poneke Medical Centre,536756,https://www.healthpoint.co.nz/gps-accident-urgent-medical-care/gp/ora-toa-poneke-medical-centre/,primary
-41.1415093,174.8655834,Pacific Health Plus,536771,https://www.healthpoint.co.nz/gps-accident-urgent-medical-care/gp/pacific-health-plus/,primary
-40.90743059999999,174.9978359,Pacific Health Plus,536771,https://www.healthpoint.co.nz/gps-accident-urgent-medical-care/gp/pacific-health-plus/,primary
-41.142415,174.8650364,Porirua Union and Community Health Service,536786,https://www.healthpoint.co.nz/gps-accident-urgent-medical-care/gp/porirua-union-and-community-health-service/,primary
-41.2960742,174.7710857,Te Aro Health Centre,536816,https://www.healthpoint.co.nz/gps-accident-urgent-medical-care/gp/te-aro-health-centre/,primary
-41.1088642,174.8400469,Titahi Bay Surgery Ltd,536834,https://www.healthpoint.co.nz/gps-accident-urgent-medical-care/gp/titahi-bay-surgery-ltd/,primary
-41.11528550000001,174.894971,Whitby Doctors,536849,https://www.healthpoint.co.nz/gps-accident-urgent-medical-care/gp/whitby-doctors/,primary
-41.302008,174.7797243,After Hours Pharmacy,536858,https://www.healthpoint.co.nz/pharmacy/pharmacy/after-hours-pharmacy/,pharmacy
-40.8767585,175.06411809999997,Westbury Pharmacy,536867,https://www.healthpoint.co.nz/pharmacy/pharmacy/westbury-pharmacy/,pharmacy
-41.3043254,174.7937941,Hataitai Pharmacy,536891,https://www.healthpoint.co.nz/pharmacy/pharmacy/hataitai-pharmacy/,pharmacy
-41.0923337,174.8683944,Mana Pharmacy,536921,https://www.healthpoint.co.nz/pharmacy/pharmacy/mana-pharmacy/,pharmacy
-41.31600770000001,174.81504240000004,Unichem Miramar Healthcare Pharmacy,536927,https://www.healthpoint.co.nz/pharmacy/pharmacy/unichem-miramar-healthcare-pharmacy/,pharmacy
-41.24819049999999,174.7743775,Village Pharmacy Ngaio,536933,https://www.healthpoint.co.nz/pharmacy/pharmacy/village-pharmacy-ngaio/,pharmacy
-41.1375357,174.83989789999998,Life Pharmacy North City,536936,https://www.healthpoint.co.nz/pharmacy/pharmacy/life-pharmacy-north-city/,pharmacy
-41.3346575,174.77359679999995,Unichem Island Bay Pharmacy,536951,https://www.healthpoint.co.nz/pharmacy/pharmacy/unichem-island-bay-pharmacy/,pharmacy
-41.10860029999999,174.83741899999995,Titahi Bay Pharmacy,536969,https://www.healthpoint.co.nz/pharmacy/pharmacy/titahi-bay-pharmacy/,pharmacy
-40.9159633,175.0066267,Life Pharmacy Kapiti Coast,536981,https://www.healthpoint.co.nz/pharmacy/pharmacy/life-pharmacy-kapiti-coast/,pharmacy
-41.2843397,174.73828079999998,Unichem Karori Mall Pharmacy,536984,https://www.healthpoint.co.nz/pharmacy/pharmacy/unichem-karori-mall-pharmacy/,pharmacy
-41.3189819,174.79496300000005,Unichem Kilbirnie Pharmacy,536987,https://www.healthpoint.co.nz/pharmacy/pharmacy/unichem-kilbirnie-pharmacy/,pharmacy
-41.2823898,174.77536759999998,Unichem Wellington Central Pharmacy,536999,https://www.healthpoint.co.nz/pharmacy/pharmacy/unichem-wellington-central-pharmacy/,pharmacy
-41.2049105,174.92669039999998,"135 Witako Street, Epuni, Lower Hutt",537072,https://www.healthpoint.co.nz/135-witako-street-epuni-lower-hutt/,primary
-41.17385959999999,174.9819066,Unichem Stokes Valley Pharmacy,537102,https://www.healthpoint.co.nz/pharmacy/pharmacy/unichem-stokes-valley-pharmacy/,pharmacy
-41.2607131,174.94616999999994,Clive's Chemist,537114,https://www.healthpoint.co.nz/pharmacy/pharmacy/clives-chemist/,pharmacy
-41.29025120000001,174.89790859999994,Eastbourne Pharmacy,537123,https://www.healthpoint.co.nz/pharmacy/pharmacy/eastbourne-pharmacy/,pharmacy
-41.2099569,174.9064448,Life Pharmacy Queensgate,537132,https://www.healthpoint.co.nz/pharmacy/pharmacy/life-pharmacy-queensgate/,pharmacy
-41.1227646,175.07371360000002,Queen Street Pharmacy (Upper Hutt),537147,https://www.healthpoint.co.nz/pharmacy/pharmacy/queen-street-pharmacy-upper-hutt/,pharmacy
-43.9544685,-176.55824710000002,Chatham Islands Health Centre - General Practice,537220,https://www.healthpoint.co.nz/gps-accident-urgent-medical-care/gp/chatham-islands-health-centre-general-practice/,primary
-39.6356736,176.8373212,Medical & Injury,537274,https://www.healthpoint.co.nz/gps-accident-urgent-medical-care/primary-healthcare-accident-medical/medical-injury/,primary
-39.0416147,177.41522080000004,Queen St Practice Ltd.,537334,https://www.healthpoint.co.nz/gps-accident-urgent-medical-care/gp/queen-st-practice-ltd/,primary
-39.636798,176.8377656,Unichem Hastings Pharmacy,537343,https://www.healthpoint.co.nz/pharmacy/pharmacy/unichem-hastings-pharmacy/,pharmacy
-39.9950381,176.55262670000002,Unichem Waipukurau Pharmacy,537346,https://www.healthpoint.co.nz/pharmacy/pharmacy/unichem-waipukurau-pharmacy/,pharmacy
-39.6406848,176.8448039,Bay Plaza Pharmacy,537352,https://www.healthpoint.co.nz/pharmacy/pharmacy/bay-plaza-pharmacy/,pharmacy
-39.62524789999999,176.78800939999996,Flaxmere Pharmacy,537370,https://www.healthpoint.co.nz/pharmacy/pharmacy/flaxmere-pharmacy/,pharmacy
-39.6707894,176.8769684,Gilmours Pharmacy,537376,https://www.healthpoint.co.nz/pharmacy/pharmacy/gilmours-pharmacy/,pharmacy
-39.6305549,176.8318274,Unichem Stortford Lodge Pharmacy,537400,https://www.healthpoint.co.nz/pharmacy/pharmacy/unichem-stortford-lodge-pharmacy/,pharmacy
-39.52287729999999,176.8687281,Unichem Greenmeadows Pharmacy,537421,https://www.healthpoint.co.nz/pharmacy/pharmacy/unichem-greenmeadows-pharmacy/,pharmacy
-39.5000446,176.9034573,Marewa Pharmacy,537427,https://www.healthpoint.co.nz/pharmacy/pharmacy/marewa-pharmacy/,pharmacy
-39.4941981,176.9149348,Unichem Munroe St. Pharmacy,537430,https://www.healthpoint.co.nz/pharmacy/pharmacy/unichem-munroe-st-pharmacy/,pharmacy
-39.64262540000001,176.8428173,Unichem Russell Street Pharmacy,537433,https://www.healthpoint.co.nz/pharmacy/pharmacy/unichem-russell-street-pharmacy/,pharmacy
-40.956484,175.65068599999995,Whaiora Medical Centre,537489,https://www.healthpoint.co.nz/gps-accident-urgent-medical-care/gp/whaiora-medical-centre/,primary
-41.0264073,175.5258202,Carterton Pharmacy,537492,https://www.healthpoint.co.nz/pharmacy/pharmacy/carterton-pharmacy/,pharmacy
-40.9584899,175.6482752,Duncan’s Pharmacy,537495,https://www.healthpoint.co.nz/pharmacy/pharmacy/duncans-pharmacy/,pharmacy
-40.9499064,175.66120780000006,Life Pharmacy Masterton,537507,https://www.healthpoint.co.nz/pharmacy/pharmacy/life-pharmacy-masterton/,pharmacy
-40.9519464,175.65789259999997,Unichem Southend Pharmacy,537510,https://www.healthpoint.co.nz/pharmacy/pharmacy/unichem-southend-pharmacy/,pharmacy
-39.9091658,175.0534444,Aramoho Health Centre,537513,https://www.healthpoint.co.nz/gps-accident-urgent-medical-care/gp/aramoho-health-centre/,primary
-39.9258447,175.04440909999994,"57 Campbell Street, Whanganui",537546,https://www.healthpoint.co.nz/57-campbell-street-whanganui/,primary
-39.76102789999999,174.6316647,"13 Hussey Street, Waverley",537546,https://www.healthpoint.co.nz/13-hussey-street-waverley/,primary
-40.1739202,175.38616679999996,Platt's Pharmacy Ltd,537585,https://www.healthpoint.co.nz/pharmacy/pharmacy/platts-pharmacy-ltd/,pharmacy
-39.5863523,174.2668625,Ngāti Ruanui Healthcare,537647,https://www.healthpoint.co.nz/gps-accident-urgent-medical-care/gp/ngati-ruanui-healthcare/,primary
-39.755526,174.47291380000001,Ngati Ruanui Patea Medical Centre,537659,https://www.healthpoint.co.nz/gps-accident-urgent-medical-care/gp/ngati-ruanui-patea-medical-centre/,primary
-39.0686943,174.06794809999997,"36 Maratahu Street, Westown, New Plymouth",537695,https://www.healthpoint.co.nz/36-maratahu-street-westown-new-plymouth/,primary
-39.0711799,174.06197270000007,Tukapa Medical Centre,537698,https://www.healthpoint.co.nz/gps-accident-urgent-medical-care/gp/tukapa-medical-centre/,primary
-39.0564797,174.0735928,Life Pharmacy New Plymouth,537710,https://www.healthpoint.co.nz/pharmacy/pharmacy/life-pharmacy-new-plymouth/,pharmacy
-39.0740728,174.05950669999993,"Carefirst, 99 Tukapa Street, Westown, New Plymouth",537737,https://www.healthpoint.co.nz/carefirst-99-tukapa-street-westown-new-plymouth/,pharmacy
-39.34026149999999,174.2847339,Unichem Mackays Pharmacy,537752,https://www.healthpoint.co.nz/pharmacy/pharmacy/unichem-mackays-pharmacy/,pharmacy
-39.0015575,174.23644420000005,Waitara Pharmacy,537767,https://www.healthpoint.co.nz/pharmacy/pharmacy/waitara-pharmacy/,pharmacy
-39.0618726,174.06800380000004,Vivian Pharmacy,537773,https://www.healthpoint.co.nz/pharmacy/pharmacy/vivian-pharmacy/,pharmacy
-38.6645122,178.02264130000003,City Medical Centre Gisborne,537779,https://www.healthpoint.co.nz/gps-accident-urgent-medical-care/gp/city-medical-centre-gisborne/,primary
-37.8898265,178.31923600000005,Ruatoria Community Health Centre,537794,https://www.healthpoint.co.nz/gps-accident-urgent-medical-care/gp/ruatoria-community-health-centre/,primary
-38.3698805,178.29567550000002,Uawa Community Health Centre,537809,https://www.healthpoint.co.nz/gps-accident-urgent-medical-care/gp/uawa-community-health-centre/,primary
-38.6522689,178.02931939999996,Pharmacy 53 Ltd,537815,https://www.healthpoint.co.nz/pharmacy/pharmacy/pharmacy-53-ltd/,pharmacy
-38.655503,178.0077256,Sean Shivnan Pharmacy,537830,https://www.healthpoint.co.nz/pharmacy/pharmacy/sean-shivnan-pharmacy/,pharmacy
-38.6643364,178.02274310000007,Unichem Bramwells Pharmacy,537836,https://www.healthpoint.co.nz/pharmacy/pharmacy/unichem-bramwells-pharmacy/,pharmacy
-40.34724359999999,175.62085030000003,Orbit Medical Centre,537906,https://www.healthpoint.co.nz/gps-accident-urgent-medical-care/gp/orbit-medical-centre/,primary
-40.45118161201753,175.8429883368401,Pahiatua Medical Centre,537912,https://www.healthpoint.co.nz/gps-accident-urgent-medical-care/gp/pahiatua-medical-centre/,primary
-40.3791612,175.58425550000004,Best Care (Whakapai Hauora) Charitable Trust,537951,https://www.healthpoint.co.nz/gps-accident-urgent-medical-care/gp/best-care-whakapai-hauora-charitable-trust-1/,primary
-40.3503733,175.61795970000003,City Health Pharmacy Ltd,537972,https://www.healthpoint.co.nz/pharmacy/pharmacy/city-health-pharmacy-ltd/,pharmacy
-40.3735806,175.5923104,Unichem Awapuni Pharmacy,538005,https://www.healthpoint.co.nz/pharmacy/pharmacy/unichem-awapuni-pharmacy/,pharmacy
-40.34797460000001,175.6260089,Unichem Terrace End Pharmacy,538008,https://www.healthpoint.co.nz/pharmacy/pharmacy/unichem-terrace-end-pharmacy/,pharmacy
-40.623645,175.29071909999993,Berrys Tararua Pharmacy,538023,https://www.healthpoint.co.nz/pharmacy/pharmacy/berrys-tararua-pharmacy/,pharmacy
-40.3632552,175.6339287,Hokowhitu Pharmacy,538038,https://www.healthpoint.co.nz/pharmacy/pharmacy/hokowhitu-pharmacy/,pharmacy
-40.2093114,176.09717980000005,Dannevirke Pharmacy,538053,https://www.healthpoint.co.nz/pharmacy/pharmacy/dannevirke-pharmacy/,pharmacy
-38.0854302,176.70193110000002,Kawerau Pharmacy,538091,https://www.healthpoint.co.nz/pharmacy/pharmacy/kawerau-pharmacy/,pharmacy
-38.0048534,177.2847092,Church Street Dispensary,538094,https://www.healthpoint.co.nz/pharmacy/pharmacy/church-street-dispensary/,pharmacy
-37.67529489999999,176.22276290000002,Life Pharmacy Bayfair,538097,https://www.healthpoint.co.nz/pharmacy/pharmacy/life-pharmacy-bayfair/,pharmacy
-38.00523469999999,177.2847276,Opotiki Pharmacy,538112,https://www.healthpoint.co.nz/pharmacy/pharmacy/opotiki-pharmacy/,pharmacy
-37.7256849,176.19264109999995,Welcome Bay Pharmacy,538148,https://www.healthpoint.co.nz/pharmacy/pharmacy/welcome-bay-pharmacy/,pharmacy
-38.1364834,176.2491867,Te Runanga o Ngati Pikiao - General Practice,538178,https://www.healthpoint.co.nz/gps-accident-urgent-medical-care/gp/te-runanga-o-ngati-pikiao-general-practice/,primary
-38.6892491,176.0761407,Taupo Health Centre,538205,https://www.healthpoint.co.nz/gps-accident-urgent-medical-care/gp/taupo-health-centre/,primary
-38.1355099,176.24836789999995,Unichem Central Pharmacy Rotorua,538229,https://www.healthpoint.co.nz/pharmacy/pharmacy/unichem-central-pharmacy-rotorua/,pharmacy
-38.140970986257976,176.2514841556549,Unichem The Mall Pharmacy,538235,https://www.healthpoint.co.nz/pharmacy/pharmacy/unichem-the-mall-pharmacy/,pharmacy
-37.80295510000001,175.2812851,Clarence Medical Centre,538299,https://www.healthpoint.co.nz/gps-accident-urgent-medical-care/gp/clarence-medical-centre/,primary
-37.7953367,175.24690950000002,Dinsdale Medical Centre,538311,https://www.healthpoint.co.nz/gps-accident-urgent-medical-care/gp/dinsdale-medical-centre/,primary
-37.5562242,175.15893230000006,Doctors @ 42,538314,https://www.healthpoint.co.nz/gps-accident-urgent-medical-care/gp/doctors-42/,primary
-37.77133660000001,175.28258140000003,Fairfield Medical Centre,538329,https://www.healthpoint.co.nz/gps-accident-urgent-medical-care/gp/fairfield-medical-centre/,primary
-37.274208618243954,175.49581736326218,Health Ngatea,538347,https://www.healthpoint.co.nz/gps-accident-urgent-medical-care/gp/health-ngatea/,primary
-37.54122119999999,175.71209069999998,Health Te Aroha,538350,https://www.healthpoint.co.nz/gps-accident-urgent-medical-care/gp/health-te-aroha/,primary
-37.7989293,175.31658760000005,Hillcrest Medical Centre,538353,https://www.healthpoint.co.nz/gps-accident-urgent-medical-care/gp/hillcrest-medical-centre/,primary
-36.8365746,175.7037601,Mercury Bay Medical Centre,538380,https://www.healthpoint.co.nz/gps-accident-urgent-medical-care/gp/mercury-bay-medical-centre/,primary
-37.02403193189015,175.8601015806198,Pauanui Medical Centre,538413,https://www.healthpoint.co.nz/gps-accident-urgent-medical-care/gp/pauanui-medical-centre/,primary
-37.7618481,175.28714719999994,Tui Medical - Davies Corner,538428,https://www.healthpoint.co.nz/gps-accident-urgent-medical-care/gp/tui-medical-davies-corner/,primary
-37.7576428,175.24689890000002,Tui Medical - Te Rapa Urgent Care and Medical Centre,538434,https://www.healthpoint.co.nz/gps-accident-urgent-medical-care/primary-healthcare-accident-medical/tui-medical-te-rapa-urgent-care-and-medical/,primary
-37.78358267475688,175.27336835861206,Redicare Medical Centre,538437,https://www.healthpoint.co.nz/gps-accident-urgent-medical-care/gp/redicare-medical-centre/,primary
-37.0009709,175.84870790000002,Tairua Medical Centre,538449,https://www.healthpoint.co.nz/gps-accident-urgent-medical-care/gp/tairua-medical-centre/,primary
-37.7518131,175.2943904,Te Kōhao Health - Miro O Te Ora,538461,https://www.healthpoint.co.nz/gps-accident-urgent-medical-care/gp/te-kohao-health-miro-o-te-ora/,primary
-37.7914843,175.2827947,"173 Anglesea Street, Hamilton",538500,https://www.healthpoint.co.nz/173-anglesea-street-hamilton/,primary
-37.79256728116026,175.28310811667177,Anglesea Pharmacy,538536,https://www.healthpoint.co.nz/pharmacy/pharmacy/anglesea-pharmacy/,pharmacy
-37.5575605,175.15846220000003,Barry Robert's Pharmacy,538542,https://www.healthpoint.co.nz/pharmacy/pharmacy/barry-roberts-pharmacy/,pharmacy
-38.8833156,175.2636089,Unichem Taumarunui Pharmacy,538551,https://www.healthpoint.co.nz/pharmacy/pharmacy/unichem-taumarunui-pharmacy/,pharmacy
-37.7716146,175.28273890000003,Fairfield Pharmacy,538566,https://www.healthpoint.co.nz/pharmacy/pharmacy/fairfield-pharmacy/,pharmacy
-37.9061102,175.4751589,Unichem Leamington Pharmacy,538593,https://www.healthpoint.co.nz/pharmacy/pharmacy/unichem-leamington-pharmacy/,pharmacy
-37.73098749999999,175.27527020000002,NorthCare Thomas Road Pharmacy,538626,https://www.healthpoint.co.nz/pharmacy/pharmacy/northcare-thomas-road-pharmacy/,pharmacy
-37.72903700000001,175.274186,Unichem Rototuna Pharmacy,538641,https://www.healthpoint.co.nz/pharmacy/pharmacy/unichem-rototuna-pharmacy/,pharmacy
-37.7996553,174.86859359999994,Raglan Pharmacy,538647,https://www.healthpoint.co.nz/pharmacy/pharmacy/raglan-pharmacy/,pharmacy
-38.0067611,175.3388251,Sanders Pharmacy,538656,https://www.healthpoint.co.nz/pharmacy/pharmacy/sanders-pharmacy/,pharmacy
-37.2060237,175.8720108,Unichem Whangamata Pharmacy,538659,https://www.healthpoint.co.nz/pharmacy/pharmacy/unichem-whangamata-pharmacy/,pharmacy
-36.8350616,175.70472389999998,Stephensons Unichem Pharmacy,538668,https://www.healthpoint.co.nz/pharmacy/pharmacy/stephensons-unichem-pharmacy/,pharmacy
-37.1386916,175.54238250000003,Unichem Thames,538698,https://www.healthpoint.co.nz/pharmacy/pharmacy/unichem-thames/,pharmacy
-37.8103937,175.77309620000005,Life Pharmacy Matamata,538704,https://www.healthpoint.co.nz/pharmacy/pharmacy/life-pharmacy-matamata/,pharmacy
-37.6574582,175.5280173,Unichem Morrinsville Pharmacy,538710,https://www.healthpoint.co.nz/pharmacy/pharmacy/unichem-morrinsville-pharmacy/,pharmacy
-38.3339748,175.16491989999997,Unichem Te Kuiti Pharmacy,538716,https://www.healthpoint.co.nz/pharmacy/pharmacy/unichem-te-kuiti-pharmacy/,pharmacy
-37.2068112,175.87129230000005,Whangamata Pharmacy,538734,https://www.healthpoint.co.nz/pharmacy/pharmacy/whangamata-pharmacy/,pharmacy
-35.8743103,174.45566159999998,Bream Bay Medical Centre,538740,https://www.healthpoint.co.nz/gps-accident-urgent-medical-care/gp/bream-bay-medical-centre/,primary
-35.72300099999999,174.31691279999995,Rata Family Health - Dr Mathieson,538833,https://www.healthpoint.co.nz/gps-accident-urgent-medical-care/gp/rata-family-health-dr-mathieson/,primary
-35.2610563,174.122974,Russell Medical Services,538845,https://www.healthpoint.co.nz/gps-accident-urgent-medical-care/gp/russell-medical-services/,primary
-35.7234855,174.31967940000004,Te Aroha Noa Medical Centre,538854,https://www.healthpoint.co.nz/gps-accident-urgent-medical-care/gp/te-aroha-noa-medical-centre/,primary
-35.69527540000001,174.3207197,Te Hau Āwhiowhio ō Otangarei Health Centre,538860,https://www.healthpoint.co.nz/gps-accident-urgent-medical-care/gp/te-hau-awhiowhio-o-otangarei-health-centre/,primary
-34.8328765,173.1307641,Whakawhiti Ora Pai Community Health Centre,538890,https://www.healthpoint.co.nz/gps-accident-urgent-medical-care/gp/whakawhiti-ora-pai-community-health-centre/,primary
-34.6512794,172.97062329999994,Whakawhiti Ora Pai Community Health Centre,538890,https://www.healthpoint.co.nz/gps-accident-urgent-medical-care/gp/whakawhiti-ora-pai-community-health-centre/,primary
-34.51666358538311,172.90995597839355,Whakawhiti Ora Pai Community Health Centre,538890,https://www.healthpoint.co.nz/gps-accident-urgent-medical-care/gp/whakawhiti-ora-pai-community-health-centre/,primary
-35.6833483,174.30063559999996,Unichem Kamo Pharmacy,538911,https://www.healthpoint.co.nz/pharmacy/pharmacy/unichem-kamo-pharmacy/,pharmacy
-35.7085691,174.3206953,Kensington Pharmacy Ltd,538917,https://www.healthpoint.co.nz/pharmacy/pharmacy/kensington-pharmacy-ltd/,pharmacy
-35.755039,174.36810530000002,Unichem Onerahi Pharmacy,538923,https://www.healthpoint.co.nz/pharmacy/pharmacy/unichem-onerahi-pharmacy/,pharmacy
-36.8297726,174.7961873,Devonport 7 Day Pharmacy,538971,https://www.healthpoint.co.nz/pharmacy/pharmacy/devonport-7-day-pharmacy/,pharmacy
-36.6955628,174.7515181,Unichem Torbay Pharmacy,538977,https://www.healthpoint.co.nz/pharmacy/pharmacy/unichem-torbay-pharmacy/,pharmacy
-36.8529933,174.7452462,Ponsonby Medical Centre,538998,https://www.healthpoint.co.nz/gps-accident-urgent-medical-care/gp/ponsonby-medical-centre/,primary
-36.9661212,174.82589630000007,Dr K Magan Surgery,539022,https://www.healthpoint.co.nz/gps-accident-urgent-medical-care/gp/dr-k-magan-surgery/,primary
-37.7850463,176.32903510000006,Ngā Kākano Foundation - Family Health Services,539138,https://www.healthpoint.co.nz/gps-accident-urgent-medical-care/gp/nga-kakano-foundation-family-health-services/,primary
-37.6904267,176.10781999999995,Ngati Kahu Hauora GP Service,539141,https://www.healthpoint.co.nz/gps-accident-urgent-medical-care/gp/ngati-kahu-hauora-gp-service/,primary
-37.9546014,176.9939438,The Doctors Phoenix,539165,https://www.healthpoint.co.nz/gps-accident-urgent-medical-care/gp/the-doctors-phoenix/,primary
-37.74527473815354,177.68350481987,Te Kaha Medical Centre,539177,https://www.healthpoint.co.nz/gps-accident-urgent-medical-care/gp/te-kaha-medical-centre/,primary
-37.71682081117264,176.14377200603485,Te Manu Toroa Tauranga Moana City Clinic,539186,https://www.healthpoint.co.nz/gps-accident-urgent-medical-care/gp/te-manu-toroa-tauranga-moana-city-clinic/,primary
-37.6670637,176.07949110000004,Pirirakau Hauora,539189,https://www.healthpoint.co.nz/gps-accident-urgent-medical-care/gp/pirirakau-hauora/,primary
-37.7856982,176.32647539999994,Te Puke Medical Centre,539192,https://www.healthpoint.co.nz/gps-accident-urgent-medical-care/gp/te-puke-medical-centre/,primary
-38.0064655,177.28549440000006,Whakatōhea Health Centre,539207,https://www.healthpoint.co.nz/gps-accident-urgent-medical-care/gp/whakatohea-health-centre/,primary
-37.748637,175.29345020000005,Tui Medical - Parkwood,549727,https://www.healthpoint.co.nz/gps-accident-urgent-medical-care/gp/tui-medical-parkwood/,primary
-36.8993291,174.85365490000004,Turuki Health Care - Panmure,552120,https://www.healthpoint.co.nz/gps-accident-urgent-medical-care/gp/turuki-health-care-panmure/,primary
-36.8185011,174.611662,Life Pharmacy NorthWest,560786,https://www.healthpoint.co.nz/pharmacy/pharmacy/life-pharmacy-northwest/,pharmacy
-40.9170343,175.00331519999997,Life Pharmacy Coastlands,563681,https://www.healthpoint.co.nz/pharmacy/pharmacy/life-pharmacy-coastlands/,pharmacy
-41.311616,174.778965,Unichem Newtown Mall Pharmacy,564143,https://www.healthpoint.co.nz/pharmacy/pharmacy/unichem-newtown-mall-pharmacy/,pharmacy
-37.7263859,176.13331010000002,Unichem Greerton Pharmacy,564654,https://www.healthpoint.co.nz/pharmacy/pharmacy/unichem-greerton-pharmacy/,pharmacy
-37.7085327,176.14911559999996,Pharmacy On Cameron,565192,https://www.healthpoint.co.nz/pharmacy/pharmacy/pharmacy-on-cameron/,pharmacy
-37.55287719999999,175.9173594,Unichem Katikati Pharmacy,565520,https://www.healthpoint.co.nz/pharmacy/pharmacy/unichem-katikati-pharmacy/,pharmacy
-36.9111937,174.71705529999997,New Windsor Pharmacy,566949,https://www.healthpoint.co.nz/pharmacy/pharmacy/new-windsor-pharmacy/,pharmacy
-36.8503776,174.7650025,Unichem Queen St Pharmacy,566974,https://www.healthpoint.co.nz/pharmacy/pharmacy/unichem-queen-st-pharmacy/,pharmacy
-35.4050319,173.80464089999998,Unichem Orrs Pharmacy Kaikohe,567900,https://www.healthpoint.co.nz/pharmacy/pharmacy/unichem-orrs-pharmacy-kaikohe/,pharmacy
-36.094948,174.58742800000005,Mangawhai Pharmacy,567982,https://www.healthpoint.co.nz/pharmacy/pharmacy/mangawhai-pharmacy/,pharmacy
-35.7422983,174.3084629,Otaika Pharmacy,568121,https://www.healthpoint.co.nz/pharmacy/pharmacy/otaika-pharmacy/,pharmacy
-45.08087069999999,170.98245099999997,Unichem Northend Pharmacy,568453,https://www.healthpoint.co.nz/pharmacy/pharmacy/unichem-northend-pharmacy/,pharmacy
-45.0960529,170.97216950000006,North Otago Pharmacy,568505,https://www.healthpoint.co.nz/pharmacy/pharmacy/north-otago-pharmacy/,pharmacy
-37.7844015,176.327587,My Pharmacy Te Puke,572038,https://www.healthpoint.co.nz/pharmacy/pharmacy/my-pharmacy-te-puke/,pharmacy
-38.2183717,175.87271199999998,Unichem Tokoroa Pharmacy,573223,https://www.healthpoint.co.nz/pharmacy/pharmacy/unichem-tokoroa-pharmacy/,pharmacy
-35.7229913,174.3161963,Orrs Kowhai Pharmacy,574733,https://www.healthpoint.co.nz/pharmacy/pharmacy/orrs-kowhai-pharmacy/,pharmacy
-37.7309359,175.26321429999996,Rototuna Family Health Centre,578867,https://www.healthpoint.co.nz/gps-accident-urgent-medical-care/gp/rototuna-family-health-centre/,primary
-39.5873099,174.28044260000001,Mountainview Pharmacy,579053,https://www.healthpoint.co.nz/pharmacy/pharmacy/mountainview-pharmacy/,pharmacy
-36.9004,174.85550050000006,Smartcare Pharmacy,586583,https://www.healthpoint.co.nz/pharmacy/pharmacy/smartcare-pharmacy/,pharmacy
-36.6283153,174.73148330000004,Unichem Stanmore Bay,594060,https://www.healthpoint.co.nz/pharmacy/pharmacy/unichem-stanmore-bay/,pharmacy
-37.0740095,174.92298030000006,Karaka Family Health,602488,https://www.healthpoint.co.nz/gps-accident-urgent-medical-care/gp/karaka-family-health/,primary
-41.2019886,174.80827249999993,Village Pharmacy Churton Park,603497,https://www.healthpoint.co.nz/pharmacy/pharmacy/village-pharmacy-churton-park/,pharmacy
-36.76048859999999,174.74672150000004,Forrest Hill Family Pharmacy,604076,https://www.healthpoint.co.nz/pharmacy/pharmacy/forrest-hill-family-pharmacy/,pharmacy
-45.9017388,170.4295366,Green Island Boutique Pharmacy,623975,https://www.healthpoint.co.nz/pharmacy/pharmacy/green-island-boutique-pharmacy/,pharmacy
-45.2577457,169.39176150000003,Alexandra Family Medical,625214,https://www.healthpoint.co.nz/gps-accident-urgent-medical-care/gp/alexandra-family-medical/,primary
-36.94132569999999,174.84047839999994,MaxCare Medical Centre - Great South Road,626023,https://www.healthpoint.co.nz/gps-accident-urgent-medical-care/gp/maxcare-medical-centre-great-south-road/,primary
-36.8479925,174.7653682,Caring Clinic Doctors,662377,https://www.healthpoint.co.nz/gps-accident-urgent-medical-care/gp/caring-clinic-doctors/,primary
-39.4272765,175.27927120000004,Ruapehu Health Limited,725442,https://www.healthpoint.co.nz/gps-accident-urgent-medical-care/gp/ruapehu-health-limited/,primary
-37.8050951,175.28246260000003,Pharmacy on Meade,734176,https://www.healthpoint.co.nz/pharmacy/pharmacy/pharmacy-on-meade/,pharmacy
-40.3633244,175.63396639999996,Village Medical,749337,https://www.healthpoint.co.nz/gps-accident-urgent-medical-care/gp/village-medical/,primary
-43.53277629999999,172.63583140000003,Unichem Cashel Pharmacy,754202,https://www.healthpoint.co.nz/pharmacy/pharmacy/unichem-cashel-pharmacy/,pharmacy
-43.5224537,172.3704577,Unichem West Melton Pharmacy,754217,https://www.healthpoint.co.nz/pharmacy/pharmacy/unichem-west-melton-pharmacy/,pharmacy
-46.4272605,168.3616579,Unichem Southcity Pharmacy,764300,https://www.healthpoint.co.nz/pharmacy/pharmacy/unichem-southcity-pharmacy/,pharmacy
-36.8870368,174.64445479999995,Glendene Medical Centre,783049,https://www.healthpoint.co.nz/gps-accident-urgent-medical-care/gp/glendene-medical-centre/,primary
-39.62235069999999,176.8153549,Taiwhenua Pharmacy,787678,https://www.healthpoint.co.nz/pharmacy/pharmacy/taiwhenua-pharmacy/,pharmacy
-38.1308092,176.30012540000007,Owhata Medical Centre Pharmacy,787846,https://www.healthpoint.co.nz/pharmacy/pharmacy/owhata-medical-centre-pharmacy/,pharmacy
-46.4142728,168.3591943,Awarua Whanau Services,809960,https://www.healthpoint.co.nz/community-health-services/community-health/awarua-whanau-services-1/,community
-35.4051283,173.80445239999995,Broadway Health Kaikohe,810994,https://www.healthpoint.co.nz/gps-accident-urgent-medical-care/gp/broadway-health-kaikohe/,primary
-41.28620799999999,174.77671239999995,Central Wellington Medical Centre,811523,https://www.healthpoint.co.nz/gps-accident-urgent-medical-care/gp/central-wellington-medical-centre/,primary
-45.8959209,170.47846559999994,Pacific Trust Otago,814440,https://www.healthpoint.co.nz/community-health-services/community-health/pacific-trust-otago/,community
-36.7140995,174.74629100000004,"13-15 Bute Road, Browns Bay, Auckland",816612,https://www.healthpoint.co.nz/13-15-bute-road-browns-bay-auckland/,pharmacy
-43.5309505,172.59281609999994,Remedy Pharmacy - Riccarton,825095,https://www.healthpoint.co.nz/pharmacy/pharmacy/remedy-pharmacy-riccarton/,pharmacy
-36.9336376,174.91187960000002,Botany Medical and Urgent Care,831402,https://www.healthpoint.co.nz/gps-accident-urgent-medical-care/primary-healthcare-accident-medical/botany-medical-and-urgent-care/,primary
-37.7963582,175.29479630000003,Hamilton Lake Clinic,840712,https://www.healthpoint.co.nz/gps-accident-urgent-medical-care/gp/hamilton-lake-clinic/,primary
-37.7959284,175.28108029999999,Hamilton Lake Clinic,840712,https://www.healthpoint.co.nz/gps-accident-urgent-medical-care/gp/hamilton-lake-clinic/,primary
-36.9705075,174.8620062,ProHealth Papatoetoe Pharmacy,847643,https://www.healthpoint.co.nz/pharmacy/pharmacy/prohealth-papatoetoe-pharmacy/,pharmacy
-45.2530262,169.3946811,HealthCentral,850883,https://www.healthpoint.co.nz/gps-accident-urgent-medical-care/gp/healthcentral/,primary
-38.668677,178.04785590000006,Horouta Pharmacy,853259,https://www.healthpoint.co.nz/pharmacy/pharmacy/horouta-pharmacy/,pharmacy
-43.4751212,172.6598818,Unichem Prestons Pharmacy,865483,https://www.healthpoint.co.nz/pharmacy/pharmacy/unichem-prestons-pharmacy/,pharmacy
-36.8844385,174.73187170000006,Chemist Warehouse St Lukes,911498,https://www.healthpoint.co.nz/pharmacy/pharmacy/chemist-warehouse-st-lukes/,pharmacy
-43.47935080000001,172.68199170000003,Unichem Burwood Hospital Pharmacy,913744,https://www.healthpoint.co.nz/pharmacy/pharmacy/unichem-burwood-hospital-pharmacy/,pharmacy
-37.03924949999999,174.91452389999995,Unichem Gateway Pharmacy Takanini,937562,https://www.healthpoint.co.nz/pharmacy/pharmacy/unichem-gateway-pharmacy-takanini/,pharmacy
-37.70920600000001,176.16371749999996,Unichem Fifteenth Avenue Pharmacy,938455,https://www.healthpoint.co.nz/pharmacy/pharmacy/unichem-fifteenth-avenue-pharmacy/,pharmacy
-43.5263056,172.6383586,Unichem Forté Pharmacy,966204,https://www.healthpoint.co.nz/pharmacy/pharmacy/unichem-forte-pharmacy/,pharmacy
-36.94441069999999,174.84672969999997,Wecare Family Health Centre,983303,https://www.healthpoint.co.nz/gps-accident-urgent-medical-care/gp/wecare-family-health-centre/,primary
-45.87021809999999,170.505518,Antidote Meridian,987682,https://www.healthpoint.co.nz/pharmacy/pharmacy/antidote-meridian-1/,pharmacy
-45.8549341,170.5187562,Antidote Gardens,987695,https://www.healthpoint.co.nz/pharmacy/pharmacy/antidote-gardens-1/,pharmacy
-45.89713,170.49892599999998,Antidote Macandrew,987699,https://www.healthpoint.co.nz/pharmacy/pharmacy/antidote-macandrew/,pharmacy
-45.0128748,168.74337689999993,Antidote Queenstown,987704,https://www.healthpoint.co.nz/pharmacy/pharmacy/antidote-queenstown/,pharmacy
-36.9025975,174.7423675,SaveMart Pharmacy,989180,https://www.healthpoint.co.nz/pharmacy/pharmacy/savemart-pharmacy/,pharmacy
-36.8673613,174.7756918,Chemist Plus,998494,https://www.healthpoint.co.nz/pharmacy/pharmacy/chemist-plus/,pharmacy
-37.6803968,176.1687843,Epic Health Medical Practice,1003018,https://www.healthpoint.co.nz/gps-accident-urgent-medical-care/gp/epic-health-medical-practice/,primary
-37.1902944,174.9033244,ibuy pharmacy,1054246,https://www.healthpoint.co.nz/pharmacy/pharmacy/ibuy-pharmacy/,pharmacy
-43.4937129,172.6066281,Chemist Warehouse Papanui,1056255,https://www.healthpoint.co.nz/pharmacy/pharmacy/chemist-warehouse-papanui/,pharmacy
-37.2017804,174.9023068,Pukekohe Plaza Pharmacy,1068311,https://www.healthpoint.co.nz/pharmacy/pharmacy/pukekohe-plaza-pharmacy/,pharmacy
-36.6204213,174.6715545,Unichem Weiti Pharmacy,1089574,https://www.healthpoint.co.nz/pharmacy/pharmacy/unichem-weiti-pharmacy/,pharmacy
-37.7198023,175.2413188,Tui Medical - Borman,1110220,https://www.healthpoint.co.nz/gps-accident-urgent-medical-care/gp/tui-medical-borman/,primary
-36.7687081,174.7580438,Coast Care Pharmacy,1115493,https://www.healthpoint.co.nz/pharmacy/pharmacy/coast-care-pharmacy/,pharmacy
-37.201594,174.9056792,"Pukekohe Vaccination Centre, 6 Roulston Street, Pukekohe",1143106,https://www.healthpoint.co.nz/pukekohe-vaccination-centre-6-roulston-street/,community
-37.03390540000001,174.9088124,"Takanini Vaccination Centre, 8 Great South Road, Takanini",1143106,https://www.healthpoint.co.nz/takanini-vaccination-centre-8-great-south/,community
-36.2837311,174.5131599,Wellsford COVID-19 Vaccination and Testing Clinic (Coast to Coast Healthcare),1165653,https://www.healthpoint.co.nz/community-health-services/community-health/wellsford-covid-19-vaccination-and-testing/,community
-40.3471821,175.6221867,WW Clinic on Grey,1166449,https://www.healthpoint.co.nz/community-health-services/community-health/ww-clinic-on-grey/,community
-40.6228615,175.28505569999993,Horowhenua COVID-19 Vaccination Centre - Levin Mall,1166710,https://www.healthpoint.co.nz/community-health-services/community-health/horowhenua-covid-19-vaccination-centre-levin/,community
-35.3788153,174.06360510000002,Ngāti Hine Health Trust - COVID-19 Vaccination centres,1166715,https://www.healthpoint.co.nz/community-health-services/community-health/ngati-hine-health-trust-covid-19-vaccination/,community
-38.2273074,175.87169229999995,Waikato COVID-19 Vaccination Centres,1166825,https://www.healthpoint.co.nz/community-health-services/community-health/waikato-covid-19-vaccination-centres/,community
-38.217811,175.8724701,Waikato COVID-19 Vaccination Centres,1166825,https://www.healthpoint.co.nz/community-health-services/community-health/waikato-covid-19-vaccination-centres/,community
-37.7921157,175.2595665,Waikato COVID-19 Vaccination Centres,1166825,https://www.healthpoint.co.nz/community-health-services/community-health/waikato-covid-19-vaccination-centres/,community
-35.1012563,173.7807962,"Te Rūnanga o Whaingaroa, Kaeo - COVID-19 Vaccination centre",1166881,https://www.healthpoint.co.nz/community-health-services/community-health/te-runanga-o-whaingaroa-kaeo-covid-19-vaccination/,community
-43.52133810000001,172.6990161,Whānau Ora Community Clinic (Ngā Hau e Whā National Marae) COVID-19 Vaccination Centre,1167108,https://www.healthpoint.co.nz/community-health-services/community-health/whanau-ora-community-clinic-nga-hau-e-wha/,community
-43.53013199999999,172.5718778,Riccarton COVID-19 Vaccination Clinic,1167326,https://www.healthpoint.co.nz/community-health-services/community-health/riccarton-covid-19-vaccination-clinic/,community
-43.53242170908535,172.67531937196225,Ki te Tihi Hapori Hauora,1167846,https://www.healthpoint.co.nz/community-health-services/community-health/ki-te-tihi-hapori-hauora/,community
-35.874135,174.4573839,Ki A Ora Ngātiwai,1168348,https://www.healthpoint.co.nz/community-health-services/community-health/ki-a-ora-ngatiwai/,community
-35.747775880982076,174.5197390271534,Ki A Ora Ngātiwai,1168348,https://www.healthpoint.co.nz/community-health-services/community-health/ki-a-ora-ngatiwai/,community
-35.6826017,174.3008766,Ki A Ora Ngātiwai,1168348,https://www.healthpoint.co.nz/community-health-services/community-health/ki-a-ora-ngatiwai/,community
-35.5964804,174.28566309999997,Ki A Ora Ngātiwai,1168348,https://www.healthpoint.co.nz/community-health-services/community-health/ki-a-ora-ngatiwai/,community
-35.5138028,174.454275,Ki A Ora Ngātiwai,1168348,https://www.healthpoint.co.nz/community-health-services/community-health/ki-a-ora-ngatiwai/,community
-35.3886805,174.3476321,Ki A Ora Ngātiwai,1168348,https://www.healthpoint.co.nz/community-health-services/community-health/ki-a-ora-ngatiwai/,community
-35.3326165,174.3349824,Ki A Ora Ngātiwai,1168348,https://www.healthpoint.co.nz/community-health-services/community-health/ki-a-ora-ngatiwai/,community
-43.5384007,172.6302381,Etu Pasifika - COVID-19 Vaccination Centre,1168458,https://www.healthpoint.co.nz/community-health-services/community-health/etu-pasifika-covid-19-vaccination-centre-1/,community
-36.8833807,174.6331328,"Henderson Vaccination Drive-Through – Operated by Te Whānau o Waipareira, corner Edsel Street and Catherine Street, Henderson",1168513,https://www.healthpoint.co.nz/henderson-vaccination-drive-through-operated/,community
-44.4033158,171.23101399999996,Timaru COVID-19 Vaccination Community Clinic,1168941,https://www.healthpoint.co.nz/community-health-services/community-health/timaru-covid-19-vaccination-community-clinic/,community
-42.6736329,171.0339975,Poutini Waiora - COVID-19 Vaccination Centre,1169818,https://www.healthpoint.co.nz/community-health-services/community-health/poutini-waiora-covid-19-vaccination-centre/,community
-36.9009216,174.85680909999996,Pasefika Family Health Group - Queens Road Medical Centre,1170933,https://www.healthpoint.co.nz/gps-accident-urgent-medical-care/gp/pasefika-family-health-group-queens-road/,primary
-40.6450982,175.7051778,Eketāhuna COVID-19 Vaccination Centre,1171898,https://www.healthpoint.co.nz/community-health-services/community-health/eketahuna-covid-19-vaccination-centre/,community
-40.2081935,176.0987907,Rangitāne o Tāmaki Nui A Rua COVID-19 Vaccination centre,1172865,https://www.healthpoint.co.nz/community-health-services/community-health/rangitane-o-tamaki-nui-a-rua-covid-19-vaccination/,community
-36.9410455,174.84235990000002,MaxCare Medical Centre - Princes Street,1173805,https://www.healthpoint.co.nz/gps-accident-urgent-medical-care/gp/maxcare-medical-centre-princes-street/,primary
-37.78425469999999,176.3283959,Poutiri Trust COVID-19  Vaccination Clinics,1173870,https://www.healthpoint.co.nz/community-health-services/community-health/poutiri-trust-covid-19-vaccination-clinics/,community
-41.5402819,173.9508379,Manu Ora,1174960,https://www.healthpoint.co.nz/gps-accident-urgent-medical-care/gp/manu-ora/,primary
-37.7239169,176.1337091,Ngāti Ranginui Iwi - COVID Vaccination Events,1177639,https://www.healthpoint.co.nz/community-health-services/community-health/ngati-ranginui-iwi-covid-vaccination-events/,community
-37.70529190000001,176.1479332,Ngāti Ranginui Iwi - COVID Vaccination Events,1177639,https://www.healthpoint.co.nz/community-health-services/community-health/ngati-ranginui-iwi-covid-vaccination-events/,community
-37.6905864,176.1482673,Ngāti Ranginui Iwi - COVID Vaccination Events,1177639,https://www.healthpoint.co.nz/community-health-services/community-health/ngati-ranginui-iwi-covid-vaccination-events/,community
-37.6814857,176.1124155,Ngāti Ranginui Iwi - COVID Vaccination Events,1177639,https://www.healthpoint.co.nz/community-health-services/community-health/ngati-ranginui-iwi-covid-vaccination-events/,community
-37.4991863,175.9235458,Ngāti Ranginui Iwi - COVID Vaccination Events,1177639,https://www.healthpoint.co.nz/community-health-services/community-health/ngati-ranginui-iwi-covid-vaccination-events/,community
-46.412614,168.352068,Invercargill Immunisation Centre,1179345,https://www.healthpoint.co.nz/community-health-services/community-health/invercargill-immunisation-centre/,community
-37.8020204,176.3743084,Te Manu Toroa COVID-19 Mobile Vaccination Clinics,1182096,https://www.healthpoint.co.nz/community-health-services/community-health/te-manu-toroa-covid-19-mobile-vaccination/,community
-37.7796371,176.2941948,Te Manu Toroa COVID-19 Mobile Vaccination Clinics,1182096,https://www.healthpoint.co.nz/community-health-services/community-health/te-manu-toroa-covid-19-mobile-vaccination/,community
-37.7101823,176.1843628,Te Manu Toroa COVID-19 Mobile Vaccination Clinics,1182096,https://www.healthpoint.co.nz/community-health-services/community-health/te-manu-toroa-covid-19-mobile-vaccination/,community
-37.5612777,175.9169738,Te Manu Toroa COVID-19 Mobile Vaccination Clinics,1182096,https://www.healthpoint.co.nz/community-health-services/community-health/te-manu-toroa-covid-19-mobile-vaccination/,community
-37.7387094,175.7378734,Te Whare Hauora o Raungaiti,1185929,https://www.healthpoint.co.nz/gps-accident-urgent-medical-care/gp/te-whare-hauora-o-raungaiti/,primary
-35.120037,173.260757,Te Hiku Hauora COVID-19 Vaccination Centres,1187788,https://www.healthpoint.co.nz/community-health-services/community-health/te-hiku-hauora-covid-19-vaccination-centres/,community
-44.3602852,171.2400004,Timaru Occupational Health Services ,1191319,https://www.healthpoint.co.nz/community-health-services/community-health/timaru-occupational-health-services/,community
-43.5211561,172.6286736,Tangata Atumotu Mobile COVID-19 Vaccination and Testing services,1196075,https://www.healthpoint.co.nz/community-health-services/community-health/tangata-atumotu-mobile-covid-19-vaccination/,community
-43.5170424,172.6323721,MIHI Māori COVID-19 Vaccination Centres (Rehua Marae & Other Community Sites),1198036,https://www.healthpoint.co.nz/community-health-services/community-health/mihi-maori-covid-19-vaccination-centres-rehua/,community
-39.4978101,176.91705619999993,Te Kupenga Hauora Ahuriri COVID-19 Vaccination and Testing clinic,1201480,https://www.healthpoint.co.nz/community-health-services/community-health/te-kupenga-hauora-ahuriri-covid-19-vaccination/,community
-37.025224,174.857295,"Manurewa Marae Vaccination Centre, 81 Finlayson Avenue, Clendon Park, Manukau City",1203861,https://www.healthpoint.co.nz/manurewa-marae-vaccination-centre-81-finlayson/,community
-36.9369805,174.880287,Highbrook Pharmacy,1204468,https://www.healthpoint.co.nz/pharmacy/pharmacy/highbrook-pharmacy/,pharmacy
-35.4081541,173.79938059999995,Te Hau Ora O Ngāpuhi - COVID-19 Vaccination Centre,1204715,https://www.healthpoint.co.nz/community-health-services/community-health/te-hau-ora-o-ngapuhi-covid-19-vaccination/,community
-38.1244973,176.2292294,"Te Arawa COVID-19 Response Hub ""Drive-through"" COVID-19 Vaccination centre",1204760,https://www.healthpoint.co.nz/community-health-services/community-health/te-arawa-covid-19-response-hub-drive-through/,community
-43.5379715,172.635353,Māui Clinic @ South City - COVID-19 Vaccination Centre,1204807,https://www.healthpoint.co.nz/community-health-services/community-health/maui-clinic-south-city-covid-19-vaccination/,community
-35.4065813,173.5064421,Hauora Hokianga COVID-19 Vaccination Sites,1207005,https://www.healthpoint.co.nz/community-health-services/community-health/hauora-hokianga-covid-19-vaccination-sites/,community
-36.3533622,174.7167192,My Doctor Matakana,1235859,https://www.healthpoint.co.nz/gps-accident-urgent-medical-care/gp/my-doctor-matakana/,primary
-35.8391824,174.4664333,Marsden Cove Pharmacy,1246355,https://www.healthpoint.co.nz/pharmacy/pharmacy/marsden-cove-pharmacy/,pharmacy
-39.58695340000001,174.28490190000002,Tui Ora - Community and Cultural Services,1249038,https://www.healthpoint.co.nz/community-health-services/community-health/tui-ora-community-and-cultural-services/,community
-36.88401959999999,174.7859716,The Medication Management Hub,1252326,https://www.healthpoint.co.nz/pharmacy/pharmacy/the-medication-management-hub/,pharmacy
-37.674788820835964,176.22412778558203,Chemist Warehouse Bayfair,1254866,https://www.healthpoint.co.nz/pharmacy/pharmacy/chemist-warehouse-bayfair/,pharmacy
-36.6854106,174.73800570000003,Long Bay Medical Centre,1258325,https://www.healthpoint.co.nz/gps-accident-urgent-medical-care/gp/long-bay-medical-centre/,primary
-43.510589,172.7013369,Te Aranga Community Health,1265760,https://www.healthpoint.co.nz/gps-accident-urgent-medical-care/gp/te-aranga-community-health/,primary
-41.2073915,174.929469,Epuni Medical Centre ,1286060,https://www.healthpoint.co.nz/gps-accident-urgent-medical-care/gp/epuni-medical-centre-1/,primary
-37.6954299,176.0731788,Te Puna Pharmacy,1295327,https://www.healthpoint.co.nz/pharmacy/pharmacy/te-puna-pharmacy/,pharmacy
-37.558343,175.1537373,Waahi Whanui Trust Community Covid-19 Vaccination Centre,1315960,https://www.healthpoint.co.nz/community-health-services/community-health/waahi-whanui-trust-community-covid-19-vaccination/,community
-39.0343671,177.4205445,Kahungunu Executive Ki Te Wairoa Charitable Trust COVID-19 Vaccination,1321079,https://www.healthpoint.co.nz/community-health-services/community-health/kahungunu-executive-ki-te-wairoa-charitable-1/,community
-37.2297558,174.7064295,Health Through The Marae - COVID-19 Mobile Testing and Vaccination services,1323433,https://www.healthpoint.co.nz/community-health-services/community-health/health-through-the-marae-covid-19-mobile/,community
-37.9458371,176.93440529999998,Te Tohu O Te Ora O Ngāti Awa - COVID-19 Testing and Vaccination services,1323811,https://www.healthpoint.co.nz/community-health-services/community-health/te-tohu-o-te-ora-o-ngati-awa-covid-19-testing/,community
-43.49591239999999,172.60725530000002,Te Puawaitanga ki Ōtautahi Trust,1327145,https://www.healthpoint.co.nz/community-health-services/community-health/te-puawaitanga-ki-otautahi-trust-1/,community
-36.8300638,174.7981033,Devonport Health Centre Pharmacy,1338156,https://www.healthpoint.co.nz/pharmacy/pharmacy/devonport-health-centre-pharmacy/,pharmacy
-36.8906641,174.74606560000007,Life Doctors,1342147,https://www.healthpoint.co.nz/gps-accident-urgent-medical-care/gp/life-doctors/,primary
-35.1055647,173.263375,Te Runanga-a-Iwi o Ngati Kahu COVID-19 Vaccination Outreach Service,1344108,https://www.healthpoint.co.nz/community-health-services/community-health/te-runanga-a-iwi-o-ngati-kahu-covid-19-vaccination/,community
-40.7527362,175.1393514,"Te Puna Oranga o Ōtaki Vaccination Clinic, 51 Main Street, Ōtaki",1391931,https://www.healthpoint.co.nz/community-health-services/community-health/te-puna-oranga-o-otaki-vaccination-clinic/,community
-36.96203980000001,174.87292230000003,Local Doctors Otara – Urgent Care & GP Clinic,im:075bf55a-7e6b-48b9-ae39-9bfdbea61167,https://www.healthpoint.co.nz/gps-accident-urgent-medical-care/primary-healthcare-accident-medical/local-doctors-otara-urgent-care-gp-clinic/,primary
-38.9879736,175.80724759999998,Pihanga Health,im:25014fe1-3984-4d66-8c4c-a5ca7cea195e,https://www.healthpoint.co.nz/gps-accident-urgent-medical-care/gp/pihanga-health/,primary
-36.9078599,174.6852085,Lynnmall Medical Centre,im:35fd9b1f-1647-4f11-811e-b8f33e576b4d,https://www.healthpoint.co.nz/gps-accident-urgent-medical-care/gp/lynnmall-medical-centre/,primary
-37.7808801,175.2362428,Raukura Hauora O Tainui - COVID-19 Vaccination Centre,im:5c086078-f329-4d72-bc51-3091c0abf86c,https://www.healthpoint.co.nz/community-health-services/community-health/raukura-hauora-o-tainui-covid-19-vaccination/,community
-36.932606781491295,174.9132227897644,Botany Town Centre Medical Practice,im:6111b337-5610-4814-ba44-66a9649e1cea,https://www.healthpoint.co.nz/gps-accident-urgent-medical-care/gp/botany-town-centre-medical-practice/,primary
-36.9087362,174.6836473,Health New Lynn 7 Day Pharmacy Ltd,im:6a7bd88c-0198-40f3-a7b8-dc73dcbe834c,https://www.healthpoint.co.nz/pharmacy/pharmacy/health-new-lynn-7-day-pharmacy-ltd/,pharmacy
-39.0028298,174.23738159999994,Tui Ora - Community and Cultural Services,im:721ec836-1030-487e-b059-c881d95db9fa,https://www.healthpoint.co.nz/community-health-services/community-health/tui-ora-community-and-cultural-services/,community
-40.3565526,175.61946680000005,Unichem The Palms Pharmacy,im:91124982-9681-4a10-a8b3-609cae64e432,https://www.healthpoint.co.nz/pharmacy/pharmacy/unichem-the-palms-pharmacy/,pharmacy
-43.5094813,172.63048019999997,Remedy Pharmacy St Albans (formerly McIntosh Pharmacy),im:99335f53-75ee-4e14-bfcd-f5e6b9f8ca85,https://www.healthpoint.co.nz/pharmacy/pharmacy/remedy-pharmacy-st-albans-formerly-mcintosh/,pharmacy
-45.02657869999999,168.74221349999993,Unichem Remarkables Pharmacy,im:9caab080-1797-4ae5-8608-db9ebad00de9,https://www.healthpoint.co.nz/pharmacy/pharmacy/unichem-remarkables-pharmacy/,pharmacy
-36.91331350000001,174.8712569,Life Pharmacy Pakuranga,im:ba705beb-973c-4314-aa28-18ee1881c014,https://www.healthpoint.co.nz/pharmacy/pharmacy/life-pharmacy-pakuranga/,pharmacy
-36.8809061,174.6377966,Henderson Medical Centre,im:c6028005-1267-47e1-b471-89f5e2a2dbdf,https://www.healthpoint.co.nz/gps-accident-urgent-medical-care/gp/henderson-medical-centre-1/,primary
-39.9325024,175.0508297,Central City Pharmacy,im:c7454234-9992-4331-8534-1f91f9a9657f,https://www.healthpoint.co.nz/pharmacy/pharmacy/central-city-pharmacy/,pharmacy
-36.89987999999999,174.90785649999998,Unichem Highland Park Pharmacy,im:ce70b051-0799-4225-a0aa-2c53c67de5fa,https://www.healthpoint.co.nz/pharmacy/pharmacy/unichem-highland-park-pharmacy/,pharmacy
-36.87648009999999,174.8506834,Ngāti Whātua Ōrākei - Tāmaki Vaccination Centre,im:de7bd2d1-b7ce-4886-ae01-079c230cfcd8,https://www.healthpoint.co.nz/community-health-services/community-health/ngati-whatua-orakei-tamaki-vaccination-centre/,community
-36.8803576,174.79647249999994,Life Pharmacy Remuera,im:ed7b4f25-8762-4229-844f-4ccff6de0094,https://www.healthpoint.co.nz/pharmacy/pharmacy/life-pharmacy-remuera/,pharmacy
-39.68122390000001,175.79570779999995,Taihape Health Centre,im:f1e34f14-df91-442b-a161-2a984ece5fb4,https://www.healthpoint.co.nz/gps-accident-urgent-medical-care/gp/taihape-health-centre/,primary
